Welt de,Europa de,Afrika de,Asien de,Ozeanien de,Südamerika de,Nordamerika de,World en,Megacities en,cities us en,state us en,metropol asia,Countries,Europe en,EU en,Länder auf DE,cities land area ,cities Population,cities Population density,Country (exonym),Capital (exonym),Country (endonym),Capital (endonym),Inseln
Tokio-Yokohama,Istanbul,Kairo,Tokio-Yokohama,Australien,São Paulo,Mexiko-Stadt,Chongqing,Tokyo,New York,New York,Tokyo,Afghanistan – Islamic Republic of Afghanistan,Istanbul[a],London,Ägypten,New York Metro,BEIJING,Mumbai,Afghanistan,Kabul,"Afghanestan
افغانستان","Kabul
كابل",Novalja
Delhi,Moskau,Lagos,Delhi,Melbourne,Bogotá,New York City,Shanghai,Shanghai,Los Angeles,California,Jakarta,Albania – Republic of Albania,Moscow[b],Berlin,Åland,Tokyo/Yokohama,Karachi,Kolkata,Albania,Tirana,Shqipëria,Tirana,Pag
Shanghai,London,Kinshasa,Shanghai,Brisbane,Lima,Los Angeles,Delhi,Jakarta,Chicago,Illinois,Delhi,Algeria – People's Democratic Republic of Algeria,London,Madrid,Albanien,Chicago,Istanbul,Karachi,Algeria,Algiers,"Dzayer
ⴷⵣⴰⵢⴻⵔ
Al-Jazā'ir
الجزائر","Dzayer
ⴷⵣⴰⵢⴻⵔ
Al-Jazā'ir
الجزائر",Balearen
São Paulo,Sankt Petersburg,Luanda,Mumbai,Perth,Rio de Janeiro,Chicago,Beijing,Delhi,Houston,Texas,Karachi,Andorra – Principality of Andorra,Saint Petersburg,Rome,Algerien,Atlanta,DHAKA,Lagos,American Samoa[1],Pago Pago,"Amerika Sāmoa
American Samoa","Pago Pago 
Pago Pago",Ibiza
Mumbai,Berlin,Khartum,Peking,Auckland,Santiago de Chile,Toronto,Mumbai,Seoul,Phoenix,Arizona,Seoul,Angola – Republic of Angola,Berlin,Paris,Amerikanische Jungferninseln,Philadelphia,TOKYO,Shenzhen,Andorra,Andorra la Vella,Andorra,Andorra la Vella,Mallorca
Mexiko-Stadt,Madrid,Alexandria,Osaka-Kōbe,Adelaide,Buenos Aires,Santo Domingo,Dhaka,Guangzhou,Philadelphia,Pennsylvania,Shanghai,Antigua and Barbuda,Madrid,Bucharest,Amerikanisch-Samoa,Boston,MOSCOW,Seoul/Incheon,Angola,Luanda,"Angola
Ngola","Luanda
Lwanda",Lagos
Peking,Kiew,Abidjan,Dhaka,Gold Coast,Salvador da Bahia,Houston,Lagos,Beijing,San Antonio,Texas,Manila,Argentina – Argentine Republic[g],Kiev,Vienna,Andorra,Los Angeles,MANILA,Taipei,Anguilla[2],The Valley,Anguilla,The Valley,Venice
Osaka-Kōbe,Rom,Johannesburg,Karatschi,Canberra,Brasília,Havanna,Chengdu,Manila,San Diego,California,Mumbai,Armenia – Republic of Armenia,Rome,Hamburg,Angola,Dallas/Fort Worth,Tianjin,Chennai,Antigua and Barbuda,Saint John's,Antigua and Barbuda,St. John's,Ko Adang
Kairo,Paris,Daressalam,Kalkutta,Wellington,Belo Horizonte,Montreal,Karachi,Mumbai,Dallas,Texas,Beijing,Artsakh → Artsakh,Paris,Warsaw,Anguilla,Houston,Mumbai (Bombay),Bogota,Argentina,Buenos Aires,Argentina,Buenos Aires,Ko Bang Chak
New York-Newark,Minsk,Kapstadt,Chongqing,Newcastle,Fortaleza,Guadalajara,Guangzhou,New York City,San Jose,California,Guangzhou-Foshan,Australia – Commonwealth of Australia,Bucharest,Budapest,Antarktika,Detroit,Sao Paulo,Shanghai,Armenia,Yerevan,"Hayastán
Հայաստան","Yerevan
Երեվան",Ko Batong
Dhaka,Wien,Casablanca,Manila,Christchurch,Medellín,Philadelphia,Istanbul,Shenzhen,Austin,Texas,Osaka-Kobe-Kyoto,Austria – Republic of Austria,Minsk,Barcelona,Antigua und Barbuda,Washington,Shenzhen,Lima,Aruba[3],Oranjestad,Aruba,Oranjestad,Ko Phuket
Karatschi,Hamburg,Kano,Guangzhou,Sunshine Coast,Guayaquil,Phoenix,Tokyo,São Paulo,Jacksonville,Florida,Dhaka,Azerbaijan – Republic of Azerbaijan,Vienna,Munich,Äquatorialguinea,Miami,Guangzhou,Beijing,Australia,Canberra,Australia,Canberra,Ko Phetra
Buenos Aires,Bukarest,Dakar,Tianjin,Port Moresby,Cali,San Antonio,Tianjin,Mexico City,San Francisco,California,Bangkok,"Bahamas, The – Commonwealth of The Bahamas[8]",Budapest,Milan,Argentinien,Nagoya,DELHI,Delhi,Austria,Vienna,Österreich,Wien,Ko Rok
Kalkutta,Warschau,eThekwini,Shenzhen,Wollongong,Maracaibo,Puebla,Moscow,Lagos,Columbus,Ohio,Kolkata,Bahrain – Kingdom of Bahrain,Hamburg,Prague,Armenien,Paris,Wuhan,Kinshasa,Åland Islands[4],Mariehamn,"Åland
Ahvenanmaa","Mariehamn
Maarianhamina",Koh Kut (Kood)
Istanbul,Budapest,Addis Abeba,Jakarta,Hamilton,Caracas,San Diego,São Paulo,Kyoto-Osaka-Kobe (Keihanshin),Fort Worth,Texas,Tehran,Bangladesh – People's Republic of Bangladesh,Warsaw,Sofia,Aruba,Essen/Düsseldorf,Lahore,Manila,Azerbaijan,Baku,Azərbaycan,Bakı,Koh Mak
Chongqing,Barcelona,Ekurhuleni,Bengaluru,Hobart,Curitiba,Dallas,Kinshasa,Cairo,Indianapolis,Indiana,Chongqing,Barbados,Barcelona,Brussels[Note 3],Aserbaidschan,Osaka/Kobe/Kyoto,Seoul,Tehran,The Bahamas,Nassau,The Bahamas,Nassau,Koh Wai
Lagos,München,Ibadan,Chennai,Suva,Manaus,Monterrey,Lahore,Wuhan,Charlotte,North Carolina,Tianjin,Belarus – Republic of Belarus,Munich,Birmingham,Äthiopien,Seattle,Chengdu,Jakarta,Bahrain,Manama,"Al-Baḥrayn
البحرين","Al-Manāmah
المنامة",Koh Chang
Manila,Charkiw,Nairobi,Seoul,Townsville,Quito,Managua,Cairo,Los Angeles,Seattle,Washington,Shenzhen,Belgium – Kingdom of Belgium,Kharkiv,Cologne,Australien,Johannesburg/East Rand,KINSHASA,Tianjin,Bangladesh,Dhaka,"Bangladesh
বাংলাদেশ","Dhaka
ঢাকা",Koh Samet
Rio de Janeiro,Mailand,Gizeh,Nagoya,Geelong,Recife,Guatemala-Stadt,Seoul,Dhaka,Denver,Colorado,Chengdu,Belize,Milan,Naples,Bahamas,Minneapolis/St. Paul,LIMA,Bangalore,Barbados,Bridgetown,Barbados,Bridgetown,Koh Larn
Guangzhou,Prag,Yaoundé,Bangkok,Lae,Belém,Austin,Jakarta,Chengdu,Washington,District of Columbia,Bangalore,Benin – Republic of Benin[h],Sofia,Stockholm,Bahrain,San Juan,JAKARTA,Ho Chi Minh City,Belarus,Minsk,"Bielaruś
Беларусь
Belarus
Беларусь","Minsk
Мінск
Minsk
Минск",Koh Tao
Los Angeles-Long Beach,Nischni Nowgorod,Algier,Hyderabad,Cairns,Valencia,Port-au-Prince,Wenzhou,Moscow,Boston,Massachusetts,Lahore,Bhutan – Kingdom of Bhutan,Prague,Turin,Bangladesch,Buenos Aires,CAIRO,Cairo,Belgium,Brussels,"België
Belgique
Belgien","Brussel
Bruxelles
Brüssel",Koh Phangan
Moskau,Sofia,Douala,Lahore,Napier,Porto Alegre,San Francisco,Mexico City,Chongqing,El Paso,Texas,Nagoya,Bolivia – Plurinational State of Bolivia,Nizhny Novgorod,Marseille,Barbados,Pittsburgh,MEXICO CITY,Baghdad,Belize,Belmopan,Belize,Belmopan,Koh Samui
Kinshasa,Belgrad,Tshwane,Teheran,Darwin Territ,Montevideo,Columbus,Lima,Karachi,Detroit,Michigan,Ho Chi Minh City,Bosnia and Herzegovina,Birmingham,Amsterdam,Bassas da India,Moscow,TEHRAN,Shenyang,Benin,Porto-Novo,Bénin,Porto-Novo,Koh Chang Ranong
Tianjin,Kasan,Ouagadougou,Wuhan,Toowoomba,Córdoba,Charlotte,London,Bangkok,Nashville,Tennessee,Chennai,Botswana – Republic of Botswana,Kazan,Zagreb,Belarus,St. Louis,BAGHDAD,Hyderabad,Bermuda[2],Hamilton,Bermuda,Hamilton,Koh Phayam
Paris,Samara,Antananarivo,Chengdu,Honiara,La Matanza,Seattle,Bangkok,Tianjin,Memphis,Tennessee,Hyderabad,Brazil – Federative Republic of Brazil,Brussels,Valencia,Belgien,Melbourne,Xian,Sao Paulo,Bhutan,Thimphu,"Druk Yul
འབྲུག་ཡུལ","Thimphu
ཐིམ་ཕུ",Koh Surin
Shenzhen,Rostow am Don,Kumasi,Dongguan,South Tarawa,Goiânia,Denver,Xi'an,Istanbul,Portland,Oregon,Taipei,"Brunei – Nation of Brunei, Abode of Peace",Samara,Leeds,Belize,Tampa//St. Petersburg,LONDON,St Petersburg,Bolivia,La Paz,"Bolivia
Buliwya 
Wuliwya
Volívia","La Paz
Chuqiyapu
Chuqiyapu
La Paz",Similan Islands
Jakarta,Birmingham,Abuja,Nanjing,Port Vila,Guarulhos,Detroit,Bengaluru,Kolkata,Oklahoma City,Oklahoma,Hangzhou,Bulgaria – Republic of Bulgaria,Belgrade,Kraków,Benin,Mexico City,New York City,Mexico City,Bosnia and Herzegovina,Sarajevo,"Bosna i Hercegovina
Босна и Херцеговина","Sarajevo
Сарајево",Koh Kho Khao
London,Ufa,Port Harcourt,Ahmedabad,Nukuʻalofa,Barranquilla,Washington D.C.,Chennai,London,Las Vegas,Nevada,Dongguan,Burkina Faso[i],Ufa,Frankfurt,Bermuda,Phoenix/Mesa,Nanjing,Santiago,Botswana,Gaborone,Botswana,Gaborone,Koh Phi Phi
Bengaluru,Köln,Tunis,Hongkong,Majuro,Santa Cruz de la Sierra,Boston,New York City,Buenos Aires,Louisville,Kentucky,Wuhan,Burma → Myanmar,Rostov-on-Don,Riga,Bhutan,San Diego,Bangalore,Singapore,Brazil,Brasília,Brasil,Brasília,Koh Yao
Lima,Perm,Rabat,Ho-Chi-Minh-Stadt,Palikir,Campinas,Portland,Ho Chi Minh City,Tehran,Baltimore,Maryland,Shenyang,Burundi – Republic of Burundi,Tbilisi,Łódź,Bolivien,Sao Paulo,Ho Chi Minh City,Lahore,British Virgin Islands[2],Road Town,British Virgin Islands,Road Town,Koh Jum
Chennai,Woronesch,Accra,Foshan,Funafuti,,Las Vegas,Hyderabad,Hangzhou,Milwaukee,Wisconsin,Hanoi,Cambodia – Kingdom of Cambodia,Perm,Seville,Bosnien und Herzegowina,Baltimore,BANGKOK,Recife,Brunei,Bandar Seri Begawan,"Brunei
بروني","Bandar Seri Begawan or Bandar
باندر سري بڬاون",Koh Lanta
Seoul,Wolgograd,Lusaka,Kuala Lumpur,Yaren,,Baltimore,Shenzhen,Rio de Janeiro,Albuquerque,New Mexico,Ahmedabad,Cameroon – Republic of Cameroon,Cologne,Palermo,Botsuana,Cincinnati,Chongquin,Istanbul,Bulgaria,Sofia,"Bulgariya or Bălgarija
България","Sofiya or Sofija[5]
София",Koh Ngai
Bogotá,Odessa,Mogadischu,Bagdad,Melekeok (Ngerulmud),,Vancouver,Suzhou,Xi'an,Tucson,Arizona,Kuala Lumpur,Canada[j],Voronezh,Zaragoza,Bouvetinsel,Montreal.,BOGOTA,Dalian,Burkina Faso,Ouagadougou,Burkina Faso,Ouagadougou,Koh Muk (Mook)
Nagoya,Dnipro,Harare,Hangzhou,,,Sacramento,Nanjing,Paris,Fresno,California,Hong Kong,Cape Verde – Republic of Cabo Verde,Volgograd,Athens,Brasilien,Sydney,Lagos,Khartoum,Burundi,Bujumbura,"Uburundi
Burundi","Bujumbura 
Bujumbura",Koh Kradan
Johannesburg,Neapel,Maputo,Riad,,,Kansas City,Dongguan,Changzhou,Sacramento,California,Nanjing,Central African Republic,Odessa,Helsinki,Britische Jungferninseln,Cleveland,RIYADH,Rio de Janeiro,Cambodia,Phnom Penh,"Kampuchea
កម្ពុជា","Phnom Penh
ភ្នំពេញ",Koh Libong
Bangkok,Stockholm,Lubumbashi,Shenyang,,,Atlanta,Tehran,Bangalore,Mesa,Arizona,Zhengzhou-Xingyang,Chad – Republic of Chad,Dnipro,Wrocław,Britisches Territorium im Indischen Ozean,Toronto,Hong Kong,Monterey,Cameroon,Yaoundé,"Cameroun
Cameroon","Yaoundé
Yaoundé",Koh Sukorn
Hyderabad,Donezk,Mbuji-Mayi,Xi’an,,,Miami,Quanzhou,Lahore,Kansas City,Missouri,Baghdad,Chile – Republic of Chile,Naples,Rotterdam,Brunei Darussalam,London,Chennai,Bangkok,Canada,Ottawa,Canada,Ottawa,Koh Bulon
Chicago,Turin,Brazzaville,Pune,,,Minneapolis,Shenyang,Shantou,Atlanta,Georgia,Singapore,China – People's Republic of China[k],,Stuttgart,Bulgarien,Kuala Lumpur,Hangzhou,Osaka/Kobe/Kyoto,Cape Verde,Praia,Cabo Verde,Praia,Koh Tarutao
Lahore,Krasnodar,Bamako,Surat,,,Cleveland,Bogotá,Kinshasa,Long Beach,California,Riyadh,"China, Republic of → Taiwan",,Glasgow,Burkina Faso,Brisbane,Hyderabad,Guadalajara,Cayman Islands[2],George Town,Cayman Islands,George Town,Koh Adang
Teheran,Marseille,Lomé,Singapur,,,San Juan,Hong Kong,Nanjing,Omaha,Nebraska,Quanzhou-Shishi-Jinjiang,Colombia – Republic of Colombia,,Düsseldorf,Burundi,Rio de Janeiro,Rio de Janeiro,Athens,Central African Republic,Bangui,"République Centrafricaine
Ködörösêse tî Bêafrîka","Bangui
Bangî",Koh Lipe
Wuhan,Amsterdam,Fès,Fukuoka,,,Tampa,Baghdad,Jinan,Raleigh,North Carolina,,Comoros – Union of the Comoros,,Copenhagen,Cabo Verde,Milan,Zhengzhou,Ankara,Chad,N'Djamena,"Tchad
Tšād
تشاد","Ndjamena
Nijāmīnā
نجامينا",Koh Gai
Chengdu,Saratow,Conakry,Suzhou (Jiangsu),,,Riverside,Fuzhou,Harbin,Colorado Springs,Colorado,,"Congo, Democratic Republic of the[o]",,Dortmund,Chile,Kansas City,Shenyang,Madrid,Chile,Santiago,Chile,Santiago,Phayam
Dongguan,Zagreb,Kampala,Harbin,,,St. Louis,Changsha,Chennai,Miami,Florida,,"Congo, Republic of the[p]",,Genoa,China,Indianapolis,Qingdao,London,China (People's Republic of),Beijing,"Zhōngguó (Zhōnghuá Rénmín Gònghéguó)
中国 (中华人民共和国)","Běijīng
北京",Samui
Nanjing,Valencia,Benin-Stadt,Istanbul (Asiatischer Teil),,,Pittsburgh,Wuhan,Bogotá,Virginia Beach[16],Virginia,,Cook Islands → Cook Islands,,Essen,Clipperton,Manila,SANTIAGO,Tel Aviv,Christmas Island[6],Flying Fish Cove,Christmas Island,Flying Fish Cove,Phangan
Ahmedabad,Leeds,Monrovia,Rangun,,,Cincinnati,Hanoi,Lima,Oakland,California,,Costa Rica – Republic of Costa Rica,,Sheffield,Cookinseln,San Francisco//Oakland,Dalian,Sapporo,Cocos Islands[6],West Island,Cocos Islands,West Island,Tao
Hongkong,Krakau,Huambo,Ankara,,,Orlando,Rio de Janeiro,Nagoya,Minneapolis,Minnesota,,Côte d'Ivoire → Ivory Coast,,Leipzig,Costa Rica,Virginia Beach,SINGAPORE,Buenos Aires,Colombia,Bogotá,Colombia,Bogotá,Chang
Ho-Chi-Minh-Stadt,Saporischschja,Kananga,Kabul,,,,Qingdao,,Tulsa,Oklahoma,,Croatia – Republic of Croatia,,Málaga,Côte d'Ivoire,Jakarta,Ahmadabad,Moscow,Comoros,Moroni,"Komori
Juzur al-Qamar
جزر القمر
Comores","Moroni
Moroni
موروني
Moroni",Phi Phi
Foshan,Frankfurt am Main,Marrakesch,Qingdao,,,,Foshan,,Arlington,Texas,,Cuba – Republic of Cuba,,Gothenburg,Dänemark,Providence,Suzhou,Barcelona,Republic of the Congo,Brazzaville,"République du Congo
Republíki ya Kongó","Brazzaville
Brazzaville",Kut
Kuala Lumpur,Lemberg,Nelson Mandela Bay,Chittagong,,,,Zunyi,,New Orleans[17],Louisiana,,Cyprus – Republic of Cyprus,,Bremen,Deutschland,Cairo,St Petersburg,Porto Alegre,Democratic Republic of the Congo,Kinshasa,"République démocratique du Congo
Republíki ya Kongó Demokratíki 
Jamhuri ya Kidemokrasia ya Kongo","Kinshasa
Kinsásá
Kinshasa",Lipe
Bagdad,Toljatti,Kigali,Dalian,,,,Santiago,,Wichita,Kansas,,Czech Republic[q],,Dublin,Dominica,Delhi,Harbin,Tokyo/Yokohama,Cook Islands[7],Avarua,Cook Islands,Avarua,Kradan
Santiago de Chile,Łódź,,Xiamen,,,,Riyadh,,Cleveland,Ohio,,"Democratic People's Republic of Korea → Korea, North",,Lisbon,Dominikanische Republik,Denver,ANKARA,Belo Horizonte,Costa Rica,San José,Costa Rica,San José,Muk
Hangzhou,Sevilla,,Zhengzhou,,,,Ahmedabad,,Tampa,Florida,,"Democratic Republic of the Congo → Congo, Democratic Republic of the",,Dresden,Dschibuti,Milwaukee,KHARTOUM,Fortaleza,Côte d'Ivoire(formerly Ivory Coast),Yamoussoukro,Côte d'Ivoire,Yamoussoukro,Phra Thong
Riad,Chișinău,,Dschidda,,,,Singapore,,Bakersfield,California,,Denmark – Kingdom of Denmark,,Vilnius,Ecuador,Portland,Yangon,Warsaw,Croatia,Zagreb,Hrvatska,Zagreb,Lanta
Shenyang,Oslo,,Jinan,,,,Shantou,,Aurora,Colorado,,Djibouti – Republic of Djibouti,,Manchester,El Salvador,Hartford,Casablanca,Tashkent,Cuba,Havana,Cuba,La Habana,Neuguinea
Madrid,Palermo,,Shantou,,,,Ankara,,Anaheim,California,,Dominica – Commonwealth of Dominica,,Poznań,Eritrea,Bridgeport//Stamford,Sydney,Naples,Curaçao[3],Willemstad,"Curaçao
Kòrsou
Curaçao","Willemstad
Willemstad
Willemstad",Borneo
Xi’an,Saragossa,,Kunming,,,,Yangon,,Honolulu[2],Hawaii,,Dominican Republic,,Bradford,Estland,Marseille,Jinan,Katowice,Cyprus,Nicosia,"Kypros
Κύπρος
Kıbrıs","Lefkosia
Λευκωσία
Lefkoşa",Irland
Toronto,Athen,,Changchun,,,,Saint Petersburg,,Santa Ana,California,,East Timor – Democratic Republic of Timor-Leste[r],,Hanover,Europa,Orlando,Melbourne,Leeds/Bradford,Czech Republic,Prague,"Česká republika
Česko",Praha,Hispaniola
Miami,Ischewsk,,Changsha,,,,Sydney,,Riverside,California,,Ecuador – Republic of Ecuador,,The Hague,Falklandinseln,Istanbul,Changsha,Manchester,Denmark,Copenhagen,Danmark,København,Feuerland
Pune,Helsinki,,Zhongshan,,,,Casablanca,,Corpus Christi,Texas,,Egypt – Arab Republic of Egypt,,Antwerp,Färöer,Riverside/San Bernardino,Kolkata,CapeTown,Djibouti,Djibouti,"Jībūtī
جيبوتي
Djibouti","Jībūtī
جيبوتي
Djibouti",Timor
Belo Horizonte,Riga,,Hanoi,,,,Melbourne,,Lexington[18],Kentucky,,El Salvador – Republic of El Salvador,,Lyon,Fidschi,Richmond,Fuzhou,Fukuoka,Dominica,Roseau,Dominica,Roseau,Corocoro
Dallas-Fort Worth,Rotterdam,,Tel Aviv-Jaffa,,,,Abidjan,,Stockton,California,,Equatorial Guinea – Republic of Equatorial Guinea,,Nuremberg,Finnland,Charlotte,Surat,Taichung,Dominican Republic,Santo Domingo,República Dominicana,Santo Domingo,Pulau Sebatik
Surat,Breslau,,Faisalabad,,,,Alexandria,,St. Louis[16],Missouri,,Eritrea – State of Eritrea,,Edinburgh,Frankreich,Vancouver,Abidjan,Baku/Sumqayit,East Timor,Díli,"Timor Lorosa'e
Timor-Leste","Díli
Díli",Usedom
Houston,Krywyj Rih,,Aleppo,,,,Kolkata,,Saint Paul,Minnesota,,Estonia – Republic of Estonia,,Duisburg,Frankreich (metropolitanes),Nashville,DAR ES SALAAM,Curitiba,Ecuador,Quito,Ecuador,Quito,Heixiazi Dao
Singapur,Stuttgart,,Ürümqi,,,,Surat,,Henderson,Nevada,,Ethiopia – Federal Democratic Republic of Ethiopia,,Liverpool,Französische Süd- und Antarktisgebiete,Riyadh,Shiziahuang,Birmingham,Egypt,Cairo,"Misr or Masr
مصر","Al-Qāhirah
القاهرة",Saint-Martin/Sint Maarten
Philadelphia,Uljanowsk,,Taiyuan,,,,Johannesburg,,Pittsburgh,Pennsylvania,,Fiji – Republic of Fiji,,Las Palmas,Französisch-Guayana,Jacksonville,Jeddah,Berlin,El Salvador,San Salvador,El Salvador,San Salvador,Abagaitu Zhouzhu
Fukuoka,Glasgow,,Jaipur,,,,Dar es Salaam,,Cincinnati,Ohio,,Finland – Republic of Finland,,Toulouse,Französisch-Polynesien,Bordeaux,Faisalabad,Riyadh,Equatorial Guinea,Malabo,Guinea Ecuatorial,Malabo,Katajab
Luanda,Düsseldorf,,Hamamatsu,,,,Shijiazhuang,,Anchorage[19],Alaska,,France – French Republic,,Gdańsk,Gabun,San Antonio,Nanning,Campinas,Eritrea,Asmara,"Iritriya
إرتريا
Ertra
ኤርትራ","Asmaraa
أسمرا
Asmära
አሥመራ",Passport Islandc
Suzhou,Kopenhagen,,Hefei,,,,Harbin,,Greensboro,North Carolina,,Gabon – Gabonese Republic,,Bristol,Gambia,Seoul/Incheon,Alexandria,Jeddah,Estonia,Tallinn,Eesti,Tallinn,Île de la Province
Harbin,Jaroslawl,,Fuzhou,,,,Giza,,Plano,Texas,,"Gambia, The – Republic of The Gambia[17]",,Tallinn,Gazastreifen,Memphis,AMMAN,Paris,Ethiopia,Addis Ababa,"Ityop'ia
ኢትዮጵያ","Addis Abäba
አዲስ አበ",Trolløya/Trollön
Barcelona,Machatschkala,,Shijiazhuang,,,,İzmir,,Newark,New Jersey,,Georgia,,Murcia,Georgien,Columbus,Los Angeles,Durban,Falkland Islands[2],Stanley,Falkland Islands,Stanley,Hisøya/Hisön
Atlanta,Dortmund,,Nanning,,,,Zhengzhou,,Lincoln,Nebraska,,Germany – Federal Republic of Germany,,Bratislava,Ghana,Birmingham,Kunming,Vienna,Faroe Islands[8],Tórshavn,"Føroyar
Færøerne","Tórshavn
Thorshavn",Storøya/Storön (Utgardsjoen)
Khartum-Omdurman,Essen,,Lucknow,,,,New Taipei City,,Orlando,Florida,,Ghana – Republic of Ghana,,Szczecin,Gibraltar,Louisville,Changchun,Accra,Fiji,Suva,"Fiji
Viti
फ़िजी","Suva
Suva
Suva",Märket
Daressalam,Genua,,Busan,,,,Los Angeles,,Irvine,California,,Greece – Hellenic Republic,,Palma de Mallorca,Glorieuses,Bangkok,Yokohama,Glasgow,Finland,Helsinki,"Suomi
Finland","Helsinki
Helsingfors",Koiluoto
Sankt Petersburg,Leipzig,,Wenzhou,,,,Changchun,,Toledo,Ohio,,Grenada,,Bologna,Grenada,Berlin,KABUL,Nagoya,France,Paris,France,Paris,"Moselinsel
(Schleuse Apach)d"
"Washington, D.C.",Sheffield,,Ningbo,,,,Cape Town,,Jersey City,New Jersey,,Guatemala – Republic of Guatemala,,Florence,Griechenland,Frankfurt,BERLIN,Quito,French Guiana[9],Cayenne,Guyane,Cayenne,Kräutelstein
Abidjan,Málaga,,Wuxi,,,,Yokohama,,Chula Vista,California,,Guinea – Republic of Guinea[t],,Brno,Grönland,Perth,Giza,Donetsk,French Polynesia[10],Papeete,Polynésie française,Papeete,Treriksröset
Guadalajara,Bremen,,Izmir,,,,Khartoum,,Durham,North Carolina,,Guinea-Bissau – Republic of Guinea-Bissau,,Bochum,Großbritannien,Sacramento,Urumqi,Goiania,Gabon,Libreville,République gabonaise,Libreville,Insel der Wiedergeburte
Rangun,Orenburg,,Kanpur,,,,Guayaquil,,Fort Wayne,Indiana,,Guyana – Co-operative Republic of Guyana,,Iași,Guadeloupe,Lyon,Wuxi,Munich,The Gambia,Banjul,The Gambia,Banjul,Sylt
Alexandria,Göteborg,,Maschhad,,,,Hangzhou,,St. Petersburg,Florida,,Haiti – Republic of Haiti,,Cardiff,Guam,Buffalo,Busan,Stuttgart,Georgia,Tbilisi,"Sak'art'velo
საქართველო","Tbilisi
თბილისი",Föhr
Ankara,Tirana,,Sana'a,,,,Xiamen,,Laredo,Texas,,Holy See → Vatican City,,Bydgoszcz,Guatemala,Madrid,Guayaquil,Dublin,Germany,Berlin,Deutschland,Berlin,Rømø
Kabul,Dublin,,Guiyang,,,,Berlin,,Buffalo,New York,,Honduras – Republic of Honduras,,Coventry,Guernsey,Lisbon,HANOI,Kuwait,Ghana,Accra,"Ghana
Gaana
Gana
Gana","Accra
Nkran
Nkran
Accra",Masirahf
Qingdao,Dresden,,Pjöngjang,,,,Busan,,Madison,Wisconsin,,Hungary,,Wuppertal,Guinea,Knoxville,Hyderabad,Nizhni Novgorod,Gibraltar[2],Gibraltar,Gibraltar,Gibraltar,Kuba
Chittagong,Skopje,,Surabaya,,,,Ningbo,,Lubbock,Texas,,Iceland[u],,Leicester,Guinea-Bissau,Belo Horizonte,ADDIS ABABA,Rome,Greece,Athens,"Hellas
Ελλάς or Ellada
Ελλάδα","Athinai
Αθήναι or Athina
Αθήνα",Zypern
Monterrey,Manchester,,Kuwait-Stadt,,,,Jeddah,,Chandler,Arizona,,India – Republic of India,,Utrecht,Guyana,Edmonton,ALGIERS,Phnom Phen,Greenland[8],Nuuk,"Kalaallit Nunaat
Grønland","Nuuk
Godthåb",Java
Sydney,Posen,,Tangshan,,,,Durban,,Scottsdale,Arizona,,Indonesia – Republic of Indonesia,,Nice,Haiti,Rome,Kano,Beirut,Grenada,St. George's,Grenada,St. George's,Honshū
Dalian,Rjasan,,Lanzhou,,,,Algiers,,Reno,Nevada,,Iran – Islamic Republic of Iran,,Bilbao,Heard und McDonaldinseln,Dayton,Mashhad,Brasilia,Guadeloupe[9],Basse-Terre,Guadeloupe,Basse-Terre,Großbritannien
Xiamen,Vilnius,,Incheon,,,,Kabul,,Glendale,Arizona,,Iraq – Republic of Iraq,,Plovdiv,Honduras,Oklahoma City,Hefei,Essen/Düsseldorf,Guam[1],"Hagåtña
formerly Agaña","Guam
Guåhån","Hagåtña 
Hagåtña",Sumatra
Zhengzhou,Homel,,Nagpur,,,,Hefei,,Norfolk[16],Virginia,,Ireland[24],,Lublin,Hongkong,Durban,Changzhou,Lumumbashi,Guatemala,Guatemala City,Guatemala,Ciudad de Guatemala,Luzon
Boston,Bradford,,Taipeh,,,,Mashhad,,Winston–Salem,North Carolina,,Israel – State of Israel,,Belfast,Indien,Hamburg,Taiyuan,Kuala Lumpur,Guernsey[11],Saint Peter Port,Guernsey,Saint Peter Port,Taiwan
Melbourne,Hannover,,Changzhou,,,,Pyongyang,,North Las Vegas,Nevada,,Italy – Italian Republic,,Wakefield,Indonesien,Raleigh,Rawalpindi,Los Angeles,Guinea,Conakry,"Guinée
Gine
Gine","Conakry
Kɔnakiri
Konakiri",Sri Lanka
Brasília,Astrachan,,Sapporo,,,,Madrid,,Gilbert[20],Arizona,,Ivory Coast – Republic of Côte d'Ivoire,,Aarhus,Insel Man,Austin,Tangshan,Milan,Guinea-Bissau,Bissau,Guiné-Bissau,Bissau,Madagaskar
Dschidda,Den Haag,,Damaskus,,,,Faisalabad,,Chesapeake[16],Virginia,,Jamaica,,Varna,Irak,Cologne/Bonn,MADRID,Pretoria,Guyana,Georgetown,Guyana,Georgetown,Hispaniola
Phoenix-Mesa,Nabereschnyje Tschelny,,Coimbatore,,,,Baku,,Irving,Texas,,Japan - State of Japan,,Bielefeld,Iran,Copenhagen,NAIROBI,Stockholm,Haiti,Port-au-Prince,"Haïti
Ayiti","Port-au-Prince
Pòtoprens",Mindanao
Jinan,Pensa,,Bandung,,,,Tangshan,,Hialeah,Florida,,Jordan – Hashemite Kingdom of Jordan,,Timișoara,Irland,McAllen,Zibo,Turin,Honduras,Tegucigalpa,Honduras,Tegucigalpa,Borneo
Montreal,Antwerpen,,Nanchang,,,,Ekurhuleni,,Garland,Texas,,Kazakhstan – Republic of Kazakhstan,,Malmö,Island,Toulouse,Pune,Dubai,Hong Kong[12],Hong Kong,"Hong Kong
Heung Gong
香港","Hong Kong
Heung Gong
香港",Sulawesi
Shantou,Nürnberg,,Rawalpindi,,,,Nairobi,,Fremont,California,,Kenya – Republic of Kenya,,Alicante,Israel,Barcelona,Ibadan,Porto,Hungary,Budapest,Magyarország,Budapest,Salsette
Nairobi,Lyon,,Kozhikode,,,,Zhongshan,,Richmond[16],Virginia,,Kiribati – Republic of Kiribati,,Córdoba,Italien,Springfield,Jaipur,Toronto,Iceland,Reykjavík,Ísland,Reykjavík,Kyūshū
Medellín,Lipezk,,Indore,,,,Pune,,Boise[21],Idaho,,"Korea, North – Democratic People's Republic of Korea",,Nottingham,Jamaika,Akron,Guiyang,Budapest,India,New Delhi,"Bharôt
ভাৰত
Bharôt
ভারত
India
Bhārat
ભારત
Bhārat
भारत
Bhārata
ಭಾರತ
Bhārat
भारत
Bhāratam
ഭാരതം
Bhārat
भारत
Bhārat
भारत
Bharôtô
ଭାରତ
Bhārat
ਭਾਰਤ
Bhāratam
भारतम्
Bārata
பாரதம்
Bhāratadēsam
భారత దేశం","Nôtun Dilli
নতুন দিল্লী
Nôtun Dilli
নতুন দিল্লী
New Delhi
Navī Dilhī
નવી દિલ્હી
Naī Dillī
नई दिल्ली
Nava Dehali
ನವ ದೆಹಲಿ
Navī Dillī
नवी दिल्ली
Nyūḍalhi
ന്യൂഡല്ഹി
Navī Dillī
नवी दिल्ली
Naya Dilli
नयाँ दिल्ली
Nūadillī
ନୂଆଦିଲ୍ଲୀ
Navīñ Dillī
ਨਵੀਂ ਦਿੱਲੀ
Nav Dilli
नव दिल्ली
Pududilli
புது தில்லி
Krothha ḍhillī
క్రొత్త ఢిల్లీ",Kuba
Fortaleza,Edinburgh,,Zibo,,,,Addis Ababa,,Baton Rouge[22],Louisiana,,"Korea, South – Republic of Korea",,Bari,Japan,Abu Dhabi,Incheon,Lisbon,Indonesia,Jakarta,Indonesia,Jakarta,Hainan
Kunming,Lissabon,,Cochin,,,,Jaipur,,Des Moines,Iowa,,Kosovo → Kosovo,,Wigan,Jemen,Jeddah,BRASILIA,Johannesburg/East Rand,Iran,Tehran,"Īrān
ایران","Tehrān
تهران",Long Island
Changchun,Kirow,,Dubai,,,,Buenos Aires,,Spokane,Washington,,Kuwait – State of Kuwait,,Thessaloniki,Jersey,Rochester,TSHWANE (PRETORIA),Rotterdam,Iraq,Baghdad,"Al-'Iraq
العراق
Îraq","Baghdad
بغداد
Bexda",Neuguinea
Changsha,,,Baku,,,,Incheon,,San Bernardino,California,,Kyrgyzstan – Kyrgyz Republic,,Bonn,Jordanien,Tucson,Kanpur,Harare,Ireland,Dublin,"Éire
Ireland","Baile Átha Cliath
Dublin",Irland
Recife,,,Thrissur,,,,Quezon City,,Modesto,California,,Laos – Lao People's Democratic Republic,,Cluj-Napoca,Juan de Nova,Chattanooga,Salvador,Cologne/Bonn,Isle of Man[11],Douglas,"Isle of Man
Ellan Vannin","Douglas
Doolish",Hokkaidō
Rom,,,Huizhou,,,,Toronto,,Tacoma,Washington,,Latvia – Republic of Latvia,,Constanța,Kaimaninseln,Allentown/Bethlehem,BUENOS AIRES,San Francisco/Oakland,Israel,Jerusalem (declared)[a],"Yisra'el
ישראל
Israʼiyl
إسرائيل","Yerushalayim
ירושלים
Al-Quds
القُدس",Ujong
Zhongshan,,,Taschkent,,,,Kiev,,Fontana,California,,Lebanon – Lebanese Republic,,Catania,Kambodscha,Beijing,KIEV,Frankfurt,Italy,Rome,Italia,Roma,Sizilien
Kapstadt,,,Daegu,,,,Salvador,,Santa Clarita,California,,Lesotho – Kingdom of Lesotho,,Münster,Kamerun,Shanghai,ROME,Hamburg,Jamaica,Kingston,Jamaica,Kingston,Negros
Detroit,,,Beirut,,,,Rome,,Birmingham,Alabama,,Liberia – Republic of Liberia,,Karlsruhe,Kanada,Barnstable Town,Surabaya,San Jose,Japan,Tokyo,"Nihon
Nippon
日本","Tōkyō
東京",Shikoku
Hanoi,,,Malappuram,,,,Dubai,,Oxnard,California,,Libya,,Craiova,Kasachstan,Las Vegas,Izmir,Arabia,Jersey[11],St. Helier,"Jersey
Jersey
Jèrri","St. Helier
Saint Hélier
Saint Hélyi",Bali
Tel Aviv-Jaffa,,,Patna,,,,Luanda,,Fayetteville,North Carolina,,Liechtenstein – Principality of Liechtenstein,,Mannheim,Katar,New Haven,Lucknow,Brussels,Jordan,Amman,"Al-’Urdun
الأردن","‘Ammān
عمان",Panay
Porto Alegre,,,Medan,,,,Lucknow,,Rochester,New York,,Lithuania – Republic of Lithuania,,Galați,Kenia,Lagos,Basrah,Lille,Kazakhstan,Astana,"Qazaqstan
Қазақстан
قازاقستان
Kazakhstán
Казахстан","Astana
Астана
استانا قالاسى
Astana
Астана",Puerto Rico
Kano,,,Weifang,,,,Kaohsiung,,Moreno Valley,California,,Luxembourg – Grand Duchy of Luxembourg,,,Kirgisistan,Albany,Toronto,Helsinki,Kenya,Nairobi,Kenya,Nairobi,Madura
Salvador da Bahia,,,Hiroshima,,,,Kanpur,,Glendale,California,,Macedonia – Republic of Macedonia,,,Kiribati,Adelaide,Gujranwala,Port Elizabeth,Kiribati,Tarawa[13],Kiribati,Tarawa,Cebu
Faisalabad,,,Kannur,,,,Surabaya,,Yonkers,New York,,Madagascar – Republic of Madagascar,,,Kleinere Amerikanische Überseeinseln,Baton Rouge,Chicago,Sydney,North Korea,P'yŏngyang,"Chosŏn as called in NK
조선 / 朝鮮
Bukchosŏn
북조선","P'yŏngyang
평양 / 平壌",Lombok
Berlin,,,Gujranwala,,,,Taichung,,Huntington Beach,California,,Malawi – Republic of Malawi,,,Kokosinseln (Keelinginseln),Nice,TAIPEI,New York,South Korea,Seoul,"Hanguk as called in SK
한국 / 韓國
Namhan
남한","Seoul
서울",Nordinsel
Aleppo,,,Yantai,,,,Basra,,Aurora,Illinois,,Malaysia,,,Kolumbien,Toulon,QUITO,Auckland,Kosovo[14],Pristina,"Kosova, Косово","Prishtinë, Приштина (Priština)",Timor
Dakar,,,Bhopal,,,,Taipei,,Salt Lake City,Utah,,Maldives – Republic of Maldives,,,Komoren,Brussels,Osaka,New Orleans,Kuwait,Kuwait City,"Dawlat ul-Kuwayt
دولة الكويت
il-ikwet
الكويت","Madiinat ul-Kuwayt
مدينة الكويت
id-diira
الديرة",Jamaika
Casablanca,,,Sendai,,,,Chicago,,Amarillo,Texas,,Mali – Republic of Mali,,,Kongo,Dubai,Xuzhou,Copenhagen,Kyrgyzstan,Bishkek,"Kyrgyzstan
Кыргызстан
Kirgizija
Киргизия","Bishkek
Бишкек
Bishkek
Бишкек",Zhongshan Dao
Ürümqi,,,Shaoxing,,,,Osaka,,Montgomery,Alabama,,Malta – Republic of Malta,,,"Kongo, Demokratische Republik",Harare,Fortaleza,Montreal.,Laos,Vientiane,"Lao
ປະເທດລາວ","Vientiane or Vieng Chan
ວຽງຈັນ",Seeland
Taiyuan,,,Luoyang,,,,Quito,,Grand Rapids,Michigan,,Marshall Islands – Republic of the Marshall Islands,,,"Korea, Demokratische Volksrepublik",Budapest,Chittagong,Honolulu,Latvia,Riga,Latvija,Rīga,Leyte
Curitiba,,,Huai’an,,,,Chaozhou,,Little Rock,Arkansas,,Mauritania – Islamic Republic of Mauritania,,,"Korea, Republik",Calgary,PYONGYANG,Las Vegas,Lebanon,Beirut,"Lubnān
لبنان 
Liban","Bayrūt
بيروت 
Beyrouth",Île de Montréal
Jaipur,,,Nantong,,,,Fortaleza,,Akron,Ohio,,Mauritius – Republic of Mauritius,,,Kroatien,Sarasota//Bradenton,Bandung,Miami,Lesotho,Maseru,Lesotho,Maseru,Xiamen
Hamamatsu,,,Vadodara,,,,Chittagong,,Augusta[23],Georgia,,Mexico – United Mexican States,,,Kuba,Columbia,Kaohsiung,Ottawa/Hull,Liberia,Monrovia,Liberia,Monrovia,Flores
Hefei,,,Agra,,,,Bandung,,Huntsville,Alabama,,Micronesia – Federated States of Micronesia,,,Kuwait,Cape Town,YAOUNDE,Vancouver,Libya,Tripoli,"Libya
ⵍⵉⴱⵢⴰ
Lībiyā
ليبيا","Ṭrables
ⵟⵔⴰⴱⵍⴻⵙ
Tarabulus
طرابلس",Bhola Island
San Francisco-Oakland,,,Thiruvananthapuram,,,,Managua,,Columbus[24],Georgia,,Moldova – Republic of Moldova,,,Laos,Poughkeepsie,Daegu,Antwerp,Liechtenstein,Vaduz,Liechtenstein,Vaduz,Sardinien
Fuzhou,,,Baotou,,,,Brasília,,Grand Prairie,Texas,,Monaco – Principality of Monaco,,,Lesotho,Tehran,Taichung,Denver,Lithuania,Vilnius,Lietuva,Vilnius,Samar
Shijiazhuang,,,Visakhapatnam,,,,Belo Horizonte,,Shreveport,Louisiana,,Mongolia,,,Lettland,Athens,Belo Horizonte,Melbourne,Luxembourg,Luxembourg,"Lëtzebuerg
Luxemburg
Luxembourg","Lëtzebuerg
Luxemburg
Luxembourg",Manhattan
Seattle,,,Bursa,,,,Daegu,,Overland Park,Kansas,,Montenegro,,,Libanon,Tulsa,Puebla,Salt Lake City,Macau[12],Macau,"Oumún
澳門 
Macau","Oumún
澳門 
Macau",Sumbawa
Addis Abeba,,,Multan,,,,Houston,,Tallahassee,Florida,,Morocco – Kingdom of Morocco,,,Liberia,San Jose,Douala,Aachen,Macedonia,Skopje,"Makedonija
Македонија","Skopje
Скопје",Mauritius
Nanning,,,Xuzhou,,,,Douala,,Mobile,Alabama,,Mozambique – Republic of Mozambique,,,Libyen,Arabia,Medellin,Sacramento,Madagascar,Antananarivo,"Madagasikara
Madagascar","Antananarivo
Antananarivo/Tananarive",Okinawa Hontō
Lakhnau,,,Haikou,,,,Medellin,,Port St. Lucie,Florida,,Myanmar – Republic of the Union of Myanmar[w],,,Liechtenstein,Pretoria,Nagpur,Lyon,Malawi,Lilongwe,"Malawi
Malaŵi","Lilongwe
Lilongwe",Bohol
Busan,,,Isfahan,,,,Yaoundé,,Knoxville,Tennessee,,Nagorno-Karabakh → Artsakh,,,Litauen,Quebec,Cali,Phoenix/Mesa,Malaysia,Kuala Lumpur,Malaysia Mǎláixīyà 马来西亚 Malēṣiyā மலேசியா,"Kuala LumpurJílóngpō 吉隆坡
Kōlā lampūr கோலாலம்பூர்",Hong Kong Island
Wenzhou,,,Adana,,,,Nagpur,,Worcester,Massachusetts,,Namibia – Republic of Namibia,,,Luxemburg,Grand Rapids,Omdurman,Winnipeg,Maldives,Malé,"Dhivehi Raajje
ދިވެހިރާއްޖެ","Malé
މާލެ",Mindoro
Ibadan,,,Samut Prakan,,,,Cali,,Tempe,Arizona,,Nauru – Republic of Nauru,,,Macau,Winston/Salem,Nanchang,Adelaide,Mali,Bamako,"Mali
Mali","Bamako
Bamakɔ",Zypern
Ningbo,,,Karadsch,,,,Tashkent,,Cape Coral,Florida,,Nepal – Federal Democratic Republic of Nepal,,,Madagaskar,Beirut,Brisbane,Riverside/San Bernardino,Malta,Valletta,"Malta
Malta","Valletta or Il-Belt Valletta 
Valletta",São Luís
San Diego,,,Hohhot,,,,Nagoya,,Brownsville,Texas,,Netherlands – Kingdom of the Netherlands,,,Malawi,Curitiba,Bursa,Portland,Marshall Islands,Majuro,Aorōkin M̧ajeļ,Mājro,Trinidad
Mailand,,,Nashik,,,,Isfahan,,McKinney,Texas,,New Zealand,,,Malaysia,Santiago,TASHKENT,San Diego,Martinique[9],Fort-de-France,Fort-de-France,French,Südinsel
Yaoundé,,,Hyderabad,,,,Phnom Penh,,Providence,Rhode Island,,Nicaragua – Republic of Nicaragua,,,Malediven,Worcester,Houston,Washington,Mauritania,Nouakchott,"Muritan / Agawec
ⵎⵓⵔⵉⵜⴰⵏ / ⴰⴳⴰⵡⵛ
Mūrītānyā
موريتانيا","Nwakcuṭ / anu ukcuḍ
ⵏⵡⴰⴽⵛⵓⵟ / ⴰⵏⵓ ⵓⴽⵛⵓⴹ
nwakšūṭ
نواكشوط / أنو ؤكشوض",Oʻahu
Athen,,,Mekka,,,,Paris,,Fort Lauderdale,Florida,,Niger – Republic of Niger,,,Mali,Lahore,Nagoya,Calgary,Mauritius,Port Louis,"Mauritius
Maurice
Moris","Port Louis
Port-Louis
Porlwi",Teneriffa
Wuxi,,,Yangzhou,,,,Ouagadougou,,Newport News[16],Virginia,,Nigeria – Federal Republic of Nigeria,,,Malta,St Petersburg,MOGADISHU,Nice,Mayotte[9],Mamoudzou,Mayotte,Mamoudzou,Mallorca
Campinas,,,Vijayawada,,,,Lanzhou,,Chattanooga,Tennessee,,Niue → Niue,,,Marokko,Aguadilla,Isfahen,San Antonio,Mexico,Mexico City,"México
Mēxihco","Ciudad de México
Āltepētl Mēxihco",Penang
Izmir,,,Peschawar,,,,Kano,,Rancho Cucamonga,California,,Northern Cyprus → Northern Cyprus,,,Marshallinseln,Augusta,PARIS,Vereeniging,Federated States of Micronesia,Palikir,Federated States of Micronesia,Palikir,Gran Canaria
Kanpur,,,Phnom Penh,,,,Dalian,,Frisco,Texas,,"North Korea → Korea, North",,,Martinique,Birmingham,ACCRA,Concord,Moldova,Chișinău,Moldova,Chișinău,Réunion
Maschhad,,,Ludhiana,,,,Guatemala City,,Sioux Falls,South Dakota,,Norway – Kingdom of Norway,,,Mauretanien,Flint,MANAGUA,Detroit,Monaco,Monaco,"Monaco 
Múnegu","Monaco 
Múnegu",Masbate
Puebla,,,Linyi,,,,Havana,,Oceanside,California,,Oman – Sultanate of Oman,,,Mauritius,Charleston,Kowloon,El Paso,Mongolia,Ulaanbaatar,"Mongol Uls
Монгол Улс
ᠮᠤᠩᠭᠤᠯ ᠤᠯᠤᠰ","Ulaanbaatar
Улаанбаатар
ᠤᠯᠠᠭᠠᠨᠪᠠᠭᠠᠲᠤᠷ",Vancouver Island
Sana'a,,,Mossul,,,,Rawalpindi,,Ontario,California,,Pakistan – Islamic Republic of Pakistan,,,Mayotte,Salt Lake City,Lanzhou,Perth,Montenegro,Podgorica,"Crna Gora
Црна Гора","Podgorica
Подгорица",Batam
Santo Domingo,,,Schiras,,,,Medan,,Vancouver,Washington,,Palau – Republic of Palau,,,Mazedonien,Antwerp,Baku,Baltimore,Montserrat[2],Brades Estate[15],Montserrat,Brades Estate,Sachalin
Douala,,,Taizhou (Zhejiang),,,,Accra,,Santa Rosa,California,,Palestine – State of Palestine,,,Mexiko,Baghdad,GUATAMALA CITY,Dallas/Fort Worth,Morocco,Rabat,"Amerruk / Elmeɣrib
ⴰⵎⵔⵔⵓⴽ / ⵍⵎⵖⵔⵉⴱ
Al-maɣréb
المغرب","Errbaṭ
ⵔⵔⴱⴰⵟ
Ar-ribaaṭ
الرباط",Chongming Dao (Shanghai)
Kiew,,,Homs,,,,Visakhapatnam,,Garden Grove,California,,Panama – Republic of Panama,,,Mikronesien,Guadalajara,LUANDA,Houston,Mozambique,Maputo,Moçambique,Maputo,Nias
Guatemala-Stadt,,,Handan,,,,Gujranwala,,Elk Grove,California,,Papua New Guinea – Independent State of Papua New Guinea,,,Moldau,Lima,BUCHAREST,Nantes,Myanmar (or Burma),Naypyidaw,"Myanma
မြန်မာ","Nay Pyi Taw
နေပြည်တော်",Bangka
Caracas,,,Semarang,,,,Jinan,,Pembroke Pines,Florida,,Paraguay – Republic of Paraguay,,,Monaco,Youngstown,HAVANA,Austin,Namibia,Windhoek,"Namibia
Namibia
Namibia
Namibia
Namibia","Windhoek
Windhuk
Windhoek
/Ae-//Gams
Otjomuise",Kreta
Durban,,,Davao City,,,,Karaj,,Salem,Oregon,,Peru – Republic of Peru,,,Mongolei,Greenville,Haiphong,Columbus,Nauru,Yaren (de facto)[16],"Nauru
Naoero","Yaren
Yaren",Sansibar (Unguja)
Lissabon,,,Daqing,,,,Peshawar,,Eugene,Oregon,,Philippines – Republic of the Philippines,,,Montenegro,Omaha,Manaus,Gold Coast,Nepal,Kathmandu,"Nepāl
नेपाल","Kāṭhamāṇḍauṃ
काठमाण्डौं
Kāntipura
कान्तिपुर
Yen Dey
येँ देय्‌",Viti Levu
Guiyang,,,Liuzhou,,,,Minsk,,Peoria,Arizona,,Poland – Republic of Poland,,,Montserrat,Ankara,Baotou,Marseille,Netherlands,Amsterdam,"Nederland
Nederlân","Amsterdam
Amsterdam",Jeju
Pjöngjang,,,Rajkot,,,,Caracas,,Corona,California,,Portugal – Portuguese Republic,,,Mosambik,Brasilia,Multan,Philadelphia,New Caledonia[17],Nouméa,Nouvelle-Calédonie,Nouméa,Bahrain
Surabaya,,,Yinchuan,,,,Sana'a,,Springfield,Missouri,,Pridnestrovie → Transnistria,,,Myanmar,Fortaleza,Medan,Seattle,New Zealand[18],Wellington,"New Zealand
Aotearoa","Wellington
Poneke/Te Whanganui-a-Tara",Tasmanien
Minneapolis-St. Paul,,,Madurai,,,,Sapporo,,Jackson,Mississippi,,Qatar – State of Qatar,,,Namibia,Hyderabad,Maracaibo,Albuquerque,Nicaragua,Managua,Nicaragua,Managua,Zhoushan
Kuwait-Stadt,,,Jiangmen,,,,Tainan,,Cary[25],North Carolina,,"Republic of Korea → Korea, South",,,Nauru,Khartoum,Barquisimeto,Buffalo,Niger,Niamey,Niger,Niamey,Buton
Tangshan,,,Täbris,,,,Bucharest,,Fort Collins,Colorado,,"Republic of the Congo → Congo, Republic of the",,,Nepal,Naples,Perth,Cleveland,Nigeria,Abuja,"Nigeria 
Nijeriya 
Naigeria 
Nàìjíríà","Abuja 
Abuja 
Abuja 
Àbújá",Neufundland
Ouagadougou,,,Daejeon,,,,Curitiba,,Hayward,California,,Romania,,,Neukaledonien,Porto Alegre,Jilin,Douai/Lens,Niue[7],Alofi,"Niuē
Niue","Alofi
Alofi",Staten Island
Lanzhou,,,Anshan,,,,Shiraz,,Lancaster,California,,Russia – Russian Federation,,,Neuseeland,Albuquerque,Sapporo,Milwaukee,Norfolk Island[6],Kingston,"Norfolk Island
Norf'k Ailen","Kingston
Kingston",Ilha do Governador
Guayaquil,,,Merath,,,,Vienna,,Alexandria[16],Virginia,,Rwanda – Republic of Rwanda,,,Nicaragua,Palm Bay,CARACAS,Minneapolis/St. Paul,Northern Mariana Islands[1],Saipan,"Northern Mariana Islands 
Notte Mariånas","Saipan 
Saipan",Jolo
Incheon,,,Zhuhai,,,,Brazzaville,,Salinas,California,,Sahrawi Arab Democratic Republic → Sahrawi Arab Democratic Republic,,,Niederlande,El Paso,MINSK,Omaha,Norway,Oslo,"Norge
Noreg","Oslo
Oslo",Fünen
Nagpur,,,Varanasi,,,,Bhopal,,Palmdale,California,,Saint Kitts and Nevis – Federation of Saint Christopher and Nevis,,,Niederländische Antillen,Pensacola,Maiduguri,Orlando,Oman,Muscat,"‘Umān
عُمان","Masqaṭ
مسقط",Isla Margarita
Taipeh,,,Gwangju,,,,Almaty,,Lakewood,Colorado,,Saint Lucia,,,Niger,Manchester,Curitiba,Tampa/St Petersburg,Pakistan,Islamabad,"Pākistān
پاکستان‬","Islāmabād
اسلام‌اباد‬",Palawan
Tampa-St. Petersburg,,,Xianyang,,,,Hamburg,,Springfield,Massachusetts,,Saint Vincent and the Grenadines,,,Nigeria,Hickory,Vienna,Virginia Beach,Palau,Ngerulmud,Belau,Ngerulmud,Sumba
Cali,,,Datong,,,,Manila,,Sunnyvale,California,,Samoa – Independent State of Samoa,,,Niue,Mobile,Port Harcourt,Brisbane,Palestine[14],"East Jerusalem (declared), Ramallah(administrative capital)[b]","Filasṭīn
فلسطين","Al-Quds Al-Sharqit
القدس الشرقية
Rāmallāh
رام الله",Neubritannien
Manchester,,,Gaziantep,,,,Kuala Lumpur,,Hollywood,Florida,,San Marino – Republic of San Marino,,,Nördliche Marianen,Baku/Sumqayit,Luoyang,Memphis,Panama,Panama City,Panamá,Ciudad de Panamá,Martinique
Antananarivo,,,Kaohsiung,,,,Maputo,,Pasadena,Texas,,São Tomé and Príncipe – Democratic Republic of São Tomé and Príncipe,,,Norfolkinsel,Fukuoka,Aleppo(Halab),Quebec,Papua New Guinea,Port Moresby,"Papua New Guinea
Papua Niugini
Papua Niugini","Port Moresby
Pot Mosbi
Pot Mosbi",Sandwip
Denver-Aurora,,,Almaty,,,,Budapest,,Clarksville,Tennessee,,Saudi Arabia – Kingdom of Saudi Arabia,,,Norwegen,Katowice,Hamburg,San Juan,Paraguay,Asunción,"Paraguay
Paraguái","Asunción
Paraguay",Malta
Kumasi,,,Jilin,,,,Warsaw,,Pomona,California,,Senegal – Republic of Senegal,,,Oman,Kuwait,Datong,Scranton,Peru,Lima,"Perú
Piruw","Lima
Lima",Laval (Île Jésus)
Algier,,,Nowosibirsk,,,,Lusaka,,Kansas City[26],Kansas,,Serbia – Republic of Serbia,,,Österreich,Harrisburg,Tabriz,St. Louis,Philippines,Manila,"Pilipinas
Philippines","Maynila
Manila",Pemba
Changzhou,,,Makassar,,,,Kathmandu,,Macon[27],Georgia,,Seychelles – Republic of Seychelles,,,Pakistan,Asheville,KUALA LUMPUR,Toledo,Pitcairn Islands[2],Adamstown,"Pitcairn Islands 
Pitkern Ailen","Adamstown
Adamstown",Grande Comore
Sapporo,,,Palembang,,,,Tabriz,,Escondido,California,,Sierra Leone – Republic of Sierra Leone,,,Palau,Bangalore,BUDAPEST,Toulouse,Poland,Warsaw,Polska,Warszawa,Île Jésus
Damaskus,,,Qiqihar,,,,Hyderabad,,Paterson,New Jersey,,Singapore – Republic of Singapore,,,Panama,Little Rock,WARSAW,Tucson,Portugal,Lisbon,Portugal,Lisboa,Mactan
Coimbatore,,,Jamshedpur,,,,Palembang,,Joliet,Illinois,,Slovakia – Slovak Republic,,,Papua-Neuguinea,Auckland,Bhopal,Boston,Puerto Rico[1],San Juan,Puerto Rico,San Juan,Haitan
Bandung,,,Putian,,,,Tijuana,,Naperville,Illinois,,Slovenia – Republic of Slovenia,,,Paraguay,Kolkata,LUSAKA,Colorado Springs,Qatar,Doha,"Qaṭar
قطر","Ad-Dawḥah
الدوحة",Flevopolder
Nanchang,,,Yancheng,,,,Patna,,Rockford,Illinois,,Solomon Islands,,,Peru,Rotterdam,Adana,Edmonton,Réunion[9],Saint-Denis,Réunion,Saint-Denis,Santa Catarina
Bamako,,,Srinagar,,,,Montreal,,Torrance,California,,Somalia – Federal Republic of Somalia,,,Philippinen,Tashkent,Pimpri Chinchwad,Kansas City,Romania,Bucharest,România,București,Phuket
Birmingham,,,Wuhu,,,,Davao City,,Bridgeport,Connecticut,,Somaliland → Somaliland,,,Pitcairninseln,Toledo,DAMASCUS,Ogden,Russia,Moscow,"Rossiya or Rossiâ
Россия1","Moskva
Москва",Island
Rawalpindi,,,Kollam,,,,Harare,,Savannah,Georgia,,South Africa – Republic of South Africa,,,Polen,Bogota,Palembang,Oklahoma City,Rwanda,Kigali,Rwanda,Kigali,Vendsyssel-Thy
Vancouver,,,Quanzhou,,,,Barcelona,,Killeen,Texas,,"South Korea → Korea, South",,,Portugal,Ho Chi Minh City,SANAA,Providence,Sahrawi Arab Democratic Republic[14],Laayoune,"Al-Jumhūrīyah al-‘Arabīyah aṣ-Ṣaḥrāwīyah ad-Dīmuqrāṭīyah 
الجمهورية العربية الصحراوية الديمقراطية‎ 
República Árabe Saharaui Democrática 
République Arabe Sahraouie Démocratique","Al-ʿAyyūn 
لعيون
El Aaiún 
Laâyoune",Ambon (Insel)
Kozhikode,,,Batam,,,,Maracaibo,,Bellevue,Washington,,South Ossetia → South Ossetia,,,Puerto Rico,Karachi,Montreal,Rochester,Saint Barthélemy[10],Gustavia,Saint-Barthélemy,Gustavia,Vitória
San Juan (Puerto Rico),,,Jining,,,,Caloocan,,Mesquite,Texas,,South Sudan – Republic of South Sudan,,,Réunion,Munich,ALMATY,Spokane,"Saint Helena, Ascension and Tristan da Cunha[2]",Jamestown,"Saint Helena, Ascension and Tristan da Cunha",Jamestown,Korsika
Indore,,,Jekaterinburg,,,,Philadelphia,,Syracuse,New York,,Spain – Kingdom of Spain,,,Ruanda,Phnom Penh,BRAZZAVILLE,Wichita,Saint Kitts and Nevis,Basseterre,Saint Kitts and Nevis,Basseterre,Abu Dhabi
Abuja,,,Ulanbator,,,,Novosibirsk,,McAllen,Texas,,Sri Lanka – Democratic Socialist Republic of Sri Lanka[y],,,Rumänien,Stockholm,Tijuana,Cincinnati,Saint Martin[10],Marigot,Saint-Martin,Marigot,Barbados
Port-au-Prince,,,Raipur,,,,Phoenix,,Pasadena,California,,Sudan – Republic of the Sudan,,,Russische Föderation,Lancaster,Ecatepec,Dayton,Saint Lucia,Castries,Saint Lucia,Castries,Anjouan
Zibo,,,Islamabad,,,,Oran,,Orange,California,,"Sudan, South → South Sudan",,,Saint-Martin,New Orleans,Patna,Indianapolis,Saint Pierre and Miquelon[10],Saint-Pierre,Saint-Pierre et Miquelon,Saint-Pierre,Santiago
Cochin,,,Aurangabad,,,,Semarang,,Fullerton,California,,Suriname – Republic of Suriname,,,Salomonen,Colorado Springs,Mecca,Jacksonville,Saint Vincent and the Grenadines,Kingstown,Saint Vincent and the Grenadines,Kingstown,Basilan
Dubai,,,Jabalpur,,,,Recife,,Dayton,Ohio,,Swaziland – Kingdom of eSwatini,,,Sambia,Taichung,Vadodara,Louisville,Samoa,Apia,"Samoa 
Sāmoa","Apia
Apia",Muna
Baku,,,Chaozhou,,,,Kobe,,Miramar,Florida,,Sweden – Kingdom of Sweden,,,Samoa,Avignon,CONAKRY,Syracuse,San Marino,San Marino,San Marino,San Marino,Seram
Asunción,,,Huai’an,,,,Daejeon,,Olathe,Kansas,,Switzerland – Swiss Confederation,,,San Marino,Valenciennes,Santa Cruz,Grand Rapids,São Tomé and Príncipe,São Tomé,São Tomé e Príncipe,São Tomé,Madeira
Port Harcourt,,,Xining,,,,Kampala,,Thornton,Colorado,,Syria – Syrian Arab Republic,,,São Tomé und Príncipe,Nizhni Novgorod,Recife,Pittsburgh,Saudi Arabia,Riyadh,"Al-Mamlaka Al-‘Arabiyyah as Sa‘ūdiyyah
المملكة العربية السعودية","Ar-Riyāḍ
الرياض",Euböa
Thrissur,,,Asansol,,,,Kawasaki,,Waco,Texas,,Taiwan (Republic of China) → Taiwan,,,Saudi-Arabien,Turin,HARARE,Sarasota/Bradenton,Senegal,Dakar,Sénégal,Dakar,Marinduque
Huizhou,,,Cixi,,,,Guadalajara,,Murfreesboro,Tennessee,,Tajikistan – Republic of Tajikistan,,,Schweden,Cape Coral,Ludhiana,Tulsa,Serbia,Belgrade,"Srbija
Србија","Beograd
Београд",New Providence
Goiânia,,,Hengyang,,,,Auckland,,Denton,Texas,,Tanzania – United Republic of Tanzania,,,Schweiz,Campinas,Irbil,Albany,Seychelles,Victoria,"Sesel
Seychelles
Seychelles",Victoria or Port Victoria,Neukaledonien
Accra,,,Fushun,,,,Vijayawada,,West Valley City,Utah,,Thailand – Kingdom of Thailand,,,Senegal,Ottawa/Hull,Barcelona,Allentown/Bethlehem,Sierra Leone,Freetown,Sierra Leone,Freetown,Belitung
Las Vegas,,,Allahabad,,,,Fukuoka,,Midland,Texas,,"The Bahamas → Bahamas, The",,,Serbien,Douai/Lens,Makassar,Bridgeport/Stamford,Singapore,Singapore,"Singapura
Singapore
Xīnjiāpō
新加坡
Singapur
சிங்கப்பூர்","Singapura
Singapore
Xīnjiāpō
新加坡
Singapur
சிங்கப்பூர்",Wassiljewski-Insel
Baltimore,,,Jodhpur,,,,Kwangju,,Carrollton,Texas,,"The Gambia → Gambia, The",,,Serbien und Montenegro,Mumbai,Cordoba,St Catharines,Sint Maarten[3],Philipsburg,"Sint Maarten
Sint Maarten","Philipsburg
Philipsburg",Tsing Yi
Taschkent,,,Medina,,,,Porto Alegre,,Roseville,California,,Timor-Leste → East Timor,,,Seychellen,Goiania,Agra,Toulon,Slovakia,Bratislava,Slovensko,Bratislava,Bintan
Daegu,,,Schardscha,,,,Kyoto,,Warren,Michigan,,Togo – Togolese Republic,,,Sierra Leone,Helsinki,Leon,Abu Dhabi,Slovenia,Ljubljana,Slovenija,Ljubljana,Marajó
Beirut,,,Amritsar,,,,San Antonio,,Charleston,South Carolina,,Tonga – Kingdom of Tonga,,,Simbabwe,Monterey,Philadelphia,Akron,Solomon Islands,Honiara,"Solomon Islands
Solomon Aelan","Honiara
Honiala",Qeschm
Malappuram,,,Yichang,,,,Santa Cruz de la Sierra,,Hampton[16],Virginia,,Transnistria → Transnistria,,,Singapur,Quito,Novosibirsk,Atlanta,Somalia,Mogadishu,"Soomaaliya
aş-Şūmāl
الصومال","Muqdisho
Maqadīshū
مقديشو",Grande-Terre
Patna,,,Ranchi,,,,Munich,,Surprise,Arizona,,Trinidad and Tobago – Republic of Trinidad and Tobago,,,Slowakei,Singapore,Phoenix,Bordeaux,South Africa,"Pretoria (administrative capital), Cape Town (legislative capital), Bloemfontein, (judicial capital)","South Africa
Suid-Afrika
iNingizimu Afrika
uMzantsi Afrika
Afrika-Borwa
Afrika Borwa
Aforika Borwa
Afurika Tshipembe
Afrika Dzonga
iNingizimu Afrika
iSewula Afrika","Pretoria, Cape Town
Pretoria, Kaapstad
iPitoli, iKapa
iPitoli, iKapa
Pretoria
Pretoria
Pretoria
Pretoria
Pitori
iPitoli
iPitori",Geojedo
Medan,,,Dhanbad,,,,Kharkiv,,Columbia,South Carolina,,Tunisia – Tunisian Republic,,,Slowenien,Vereeniging,Semarang,Canton,South Sudan,Juba,"South Sudan 
Sudan Kusini
Paguot Thudän","Juba
Juba
Juba",Basse-Terre
Brisbane,,,Hama,,,,Yekaterinburg,,Coral Springs,Florida,,Turkey – Republic of Turkey,,,Somalia,Nantes,Fukuoka,Charleston,Spain,Madrid,"España
Espanya
Espainia
Espanha","Madrid
Madrid
Madril
Madrid",Hawaiʻi
Neapel,,,Tiruppur,,,,San Diego,,Visalia,California,,Turkmenistan,,,Spanien,Lille,Valencia,Durham,Sri Lanka,Colombo,"Sri Lankā
ශ්‍රී ලංකාව
இலங்கை","Colombo
ශ්‍රී ජයවර්ධනපුර කෝට්ටේ
ஶ்ரீ ஜெயவர்த்தனபுரம் கோட்டை",Tahiti
Maracaibo,,,Taichung,,,,Barranquilla,,Sterling Heights,Michigan,,Tuvalu,,,Spitzbergen,Kinshasa,Kobe,Hartford,Sudan,Khartoum,"As-Sudan
السودان","Al-Khartûm
الخرطوم",Guam
Weifang,,,Gwalior,,,,Milan,,Gainesville,Florida,,Uganda – Republic of Uganda,,,Sri Lanka,Ogden,Anshan,Jackson,Suriname,Paramaribo,Suriname,Paramaribo,Lulu Island
Riverside-San Bernardino,,,Tai’an,,,,Ibadan,,Cedar Rapids,Iowa,,Ukraine,,,St. Barthélemy,Shenzhen,Porto Alegre,Little Rock,Svalbard[19],Longyearbyen,Svalbard,Longyearbyen,Alor
St. Louis,,,Ahvaz,,,,Makassar,,New Haven,Connecticut,,United Arab Emirates,,,"St. Helena, Ascension und Tristan da Cunha",Warsaw,Daejon,New Haven,Swaziland,Mbabane,"Swaziland 
eSwatini",Mbabane,Mayotte
Belém,,,Ghom,,,,Córdoba,,Stamford,Connecticut,,United Kingdom – United Kingdom of Great Britain and Northern Ireland,,,St. Kitts und Nevis,Syracuse,PHNOM PENH,Palm Bay,Sweden,Stockholm,Sverige,Stockholm,Halmahera
Lusaka,,,Konya,,,,Prague,,Elizabeth,New Jersey,,United States – United States of America,,,St. Lucia,Wichita,Lubumbashi,Richmond,Switzerland,Bern (de facto)[16],"Schweiz
Suisse
Svizzera
Svizra","Bern
Berne
Berna
Berna",Saint Lucia
Hiroshima,,,Taizhou (Jiangsu),,,,Mandalay,,Concord,California,,Uruguay – Oriental Republic of Uruguay,,,St. Pierre und Miquelon,Concord,Benin,Shreveport,Syria,Damascus,"Suriyah
سورية","Dimashq / Ash-Sham
الشام / دمشق",Amager
Toluca de Lerdo,,,Kathmandu,,,,Dallas,,Thousand Oaks,California,,Uzbekistan – Republic of Uzbekistan,,,St. Vincent und die Grenadinen,Accra,Guadalajara,South Bend,Taiwan (Republic of China)[14],Taipei,"Zhōnghuá Mínguó or Táiwān
中華民國 or 臺灣/台灣","Táiběi
臺北/台北",Bougainville
Kannur,,,Cần Thơ,,,,Montevideo,,Kent,Washington,,Vanuatu – Republic of Vanuatu,,,Südafrika,Shenyang,Gwangju,Springfield,Tajikistan,Dushanbe,"Tojikistan
Тоҷикистон","Dushanbe
Душанбе",Awaji-shima
Mogadischu,,,Mandalay,,,,Qom,,Santa Clara,California,,Vatican City – Vatican City State,,,Sudan,Tel Aviv,Nashik,Tours,Tanzania,Dodoma,Tanzania,Dodoma,Ciudad del Carmen
Havanna,,,Erbil,,,,Ahvaz,,Simi Valley,California,,Venezuela – Bolivarian Republic of Venezuela,,,Südgeorgien und die Südlichen Sandwichinseln,Tianjin,Qiqihar,Valenciennes,Thailand,Bangkok,"Mueang Thai, Prathet Thai, Ratcha-anachak Thai
เมืองไทย, ประเทศไทย, ราชอาณาจักรไทย","Krung Thep Maha Nakhon
กรุงเทพฯ, กรุงเทพมหานคร",Ukerewe
Gujranwala,,,Kota,,,,Sofia,,Lafayette[28],Louisiana,,Vietnam – Socialist Republic of Vietnam,,,Südsudan,Vienna,Kyoto,Youngstown,"Togo
Togo
Togo",Lomé,Togo,"Lomé 
Lome 
Loma",Portsea Island
Yantai,,,Omsk,,,,Nizhny Novgorod,,Topeka,Kansas,,Yemen – Republic of Yemen,,,Suriname,Donetsk,Shiraz,Baton Rouge,Tokelau[20],,Tokelau,,Mombasa
Santa Cruz de la Sierra,,,Tscheljabinsk,,,,Abuja,,Athens[29],Georgia,,Zambia – Republic of Zambia,,,Swasiland,Pau,Munich,Bethune,Tonga,Nukuʻalofa,Tonga,Nukuʻalofa,Kap-Breton-Insel
Bhopal,,,Amman,,,,Calgary,,Round Rock,Texas,,Zimbabwe – Republic of Zimbabwe,,,Syrien,Winnipeg,Goiania,Birmingham,Trinidad and Tobago,Port of Spain,Trinidad and Tobago,Port of Spain,Tablas
Sendai,,,Zhenjiang (Jiangsu),,,,Saitama,,Hartford,Connecticut,,↑ UN member states and observer states ↑,,,Tadschikistan,Port St Lucie,Belem,Cape Coral,Tunisia,Tunis,"Tunes
ⵜⵓⵏⵙ
Tūns
تونس","Tunes
ⵜⵓⵏⵙ
Tūns
تونس",Prince Edward Island
Shaoxing,,,Tiflis,,,,Suwon,,Norman,Oklahoma,,South America,,,Taiwan,Fayetteville,San Antonio,Charlotte,Turkey,Ankara,Türkiye,Ankara,Chiloé
Pretoria,,,Abu Dhabi,,,,Hiroshima,,Victorville,California,,↓ Other states ↓,,,Tansania,Lumumbashi,Kawasaki,Fayetteville,Turkmenistan,Ashgabat,Türkmenistan,Aşgabat,Guimaras
Brüssel,,,Anyang,,,,Rosario,,Fargo,North Dakota,,Abkhazia – Republic of Abkhazia,,,Thailand,Port Elizabeth,Kharkiv,Harrisburg,Turks and Caicos Islands[2],Cockburn Town,Turks and Caicos Islands,Cockburn Town,Malaita
San Antonio,,,Chandigarh,,,,Brisbane,,Berkeley,California,,Artsakh – Republic of Artsakh,,,Timor-Leste,Tours,Ekaterinburg,Lancaster,Tuvalu,Fongafale (in Funafuti),Tuvalu,Fongafale,Isle of Wight
Manaus,,,Bhilai,,,,Belgrade,,Vallejo,California,,Cook Islands,,,Togo,Jackson,Foshan,McAllen,Uganda,Kampala,Uganda,Kampala,Djerba
Lubumbashi,,,Pekanbaru,,,,Campinas,,Abilene,Texas,,Kosovo – Republic of Kosovo,,,Tokelau,Chennai,San Diego,Nashville,Ukraine,Kiev,"Ukraїna
Україна","Kyїv
Київ",Curaçao
Luoyang,,,Bareilly,,,,Ulsan,,Columbia,Missouri,,Niue,,,Tonga,Sapporo,Rajkot,Raleigh,United Arab Emirates,Abu Dhabi,"Al-’Imārat Al-‘Arabiyyah Al-Muttaḥidah
الإمارات العربيّة المتّحدة","‘Abū ẓabī
أبوظبي",Upolu
Mbuji-Mayi,,,Qinhuangdao,,,,Omsk,,Ann Arbor,Michigan,,Northern Cyprus – Turkish Republic of Northern Cyprus,,,Trinidad und Tobago,Stuttgart,Milan,Worcester,United Kingdom,London,"United Kingdom
Y Deyrnas Unedig
Unitit Kinrick
Rìoghachd Aonaichte
Ríocht Aontaithe
An Rywvaneth Unys","London
Llundain
Lunnon
Lunnainn
Londain
Loundres",São Tomé
Portland,,,Quetta,,,,Dakar,,Allentown,Pennsylvania,,Sahrawi Arab Democratic Republic,,,Tromelin,Scranton,Adelaide,Columbia,United States,"Washington, D.C.","United States or America
Estados Unidos
États-Unis
‘Amelika Hui Pū ‘la","Washington D.C.
Washington D.C.
Washington, D.C.
Wakinekona or Wasinetona",Biliran
Huai’an,,,Denpasar,,,,Abu Dhabi,,Pearland,Texas,,Somaliland – Republic of Somaliland,,,Tschad,Huntsville,Guarulhos,Flint,United States Virgin Islands[1],Charlotte Amalie,United States Virgin Islands,Charlotte Amalie,Lanzarote
Tunis,,,Tiruchirappalli,,,,Monterrey,,Beaumont,Texas,,South Ossetia – Republic of South Ossetia,,,Tschechische Republik,Durham,Ciudad Juarez,Mobile,Uruguay,Montevideo,Uruguay,Montevideo,São Miguel
Barranquilla,,,Baoding,,,,Tripoli,,Wilmington,North Carolina,,Taiwan – Republic of China[k],,,Tunesien,South Bend,MONTEVIDEO,Port St Lucie,Uzbekistan,Tashkent,"O‘zbekiston
Ўзбекистон","Toshkent
Тошкент",Hisingen
Tijuana,,,Lianyungang,,,,Rostov-on-Don,,Evansville,Indiana,,Transnistria – Prid,,,Türkei,Aachen,Meerut,Augusta,Vanuatu,Port Vila,Vanuatu,Port-Vila,Bioko
Nantong,,,Suwon,,,,T'bilisi,,Arvada,Colorado,,,,,Turkmenistan,Shreveport,Dallas,Bonita Springs / Naples,Vatican City,Vatican City,"E Civitate Vaticana 
Città del Vaticano","E Civitate Vaticana 
Città del Vaticano",Vanua Levu
Vadodara,,,Haifa,,,,Fez,,Provo,Utah,,,,,Turks- und Caicosinseln,Honolulu,Kaduna,Pensacola,Venezuela,Caracas,Venezuela,Caracas,Bantayan
Rabat,,,Zhuzhou,,,,Birmingham,,Independence,Missouri,,,,,Tuvalu,Bethune,COPENHAGEN,Aguadilla,Vietnam,Hanoi,Việt Nam,Hà Nội,Ibiza
Agra,,,Mysore,,,,Yerevan,,Lansing,Michigan,,,,,Uganda,Bonita Springs / Naples,PRAGUE,Avignon,Wallis and Futuna[10],Matâ'Utu,"Wallis-et-Futuna
Uvea mo Futuna","Matâ'Utu 
Matâ'Utu",Maui
Thiruvananthapuram,,,Yiwu,,,,Cologne,,Odessa,Texas,,,,,Ukraine,Dalian,Soweto,Greenville,Yemen,Sana'a,"Al-Yaman
اليمن","Ṣan‘ā’
ﺻﻨﻌﺎﺀ",Rhodos
Baotou,,,Bogor,,,,Tunis,,Richardson,Texas,,,,,Ungarn,Porto,SOFIA,Huntsville,Zambia,Lusaka,Zambia,Lusaka,Daishan
Conakry,,,Hải Phòng,,,,Bulawayo,,Fairfield,California,,,,,Uruguay,St. Catharines,MAPUTO,Poughkeepsie,Zimbabwe,Harare,Zimbabwe,Harare,Guadalcanal
Kampala,,,Antalya,,,,Astana,,El Monte,California,,,,,Usbekistan,Gold Coast,Nizhny Novgorod,Knoxville,,,,,Buru
Visakhapatnam,,,Benxi,,,,Islamabad,,Rochester,Minnesota,,,,,Vanuatu,Recife,Kazan,Chattanooga,,,,,St. Vincent
Bursa,,,Mianyang,,,,,,Clearwater,Florida,,,,,Vatikanstadt,Taipei,Varanasi,Winston/Salem,,,,,Isla Grande de Tierra del Fuego
Multan,,,Dammam,,,,,,Carlsbad,California,,,,,Venezuela,Canton,Hiroshima,Asheville,,,,,Korfu
Sacramento,,,Zhanjiang (Guandong),,,,,,Springfield,Illinois,,,,,Vereinigte Arabische Emirate,Spokane,Indore,Pau,,,,,Muharraq Island
Xuzhou,,,Suqian,,,,,,Temecula,California,,,,,Vereinigte Staaten,Leeds/Bradford,Rosario,Barnstable Town,,,,,Aruba
Minsk,,,Nanchong,,,,,,West Jordan,Utah,,,,,Vietnam,Glasgow,Samara,Hickory,,,,,South Andaman Island
West Yorkshire,,,Yongin,,,,,,Costa Mesa,California,,,,,Wallis und Futuna,Dublin,BELGRADE,,,,,,San Andrés
Haikou,,,Jerewan,,,,,,Miami Gardens,Florida,,,,,Weihnachtsinsel,,Campinas,,,,,,Labuan
Brazzaville,,,Guwahati,,,,,,Cambridge,Massachusetts,,,,,Westjordanland,,Ulsan,,,,,,Grönland
Isfahan,,,Guilin,,,,,,College Station,Texas,,,,,Westsahara,,Zapopan,,,,,,Neuguinea
Bukarest,,,Goyang,,,,,,Murrieta,California,,,,,Zentralafrikanische Republik,,Chelyabinsk,,,,,,Borneo
Perth,,,Aligarh,,,,,,Downey,California,,,,,Zypern,,Omsk,,,,,,Madagaskar
Hamburg,,,Jinzhou,,,,,,Peoria,Illinois,,,,,,,Barranquilla,,,,,,Baffininsel
Adana,,,Naypyidaw,,,,,,Westminster,Colorado,,,,,,,DAKAR,,,,,,Sumatra
La Paz,,,Zaozhuang,,,,,,Elgin,Illinois,,,,,,,Jodphur,,,,,,Honshū
Samut Prakan,,,Yingkou,,,,,,Antioch,California,,,,,,,Amritsar,,,,,,Victorialand
Karadsch,,,Moradabad,,,,,,Palm Bay,Florida,,,,,,,Monterrey,,,,,,Großbritannien
León,,,Khulna,,,,,,High Point,North Carolina,,,,,,,TRIPOLI,,,,,,Ellesmereland
Hohhot,,,Hubli-Dharwad,,,,,,Lowell,Massachusetts,,,,,,,TBILISI,,,,,,Sulawesi (Celebes)
Nashik,,,Basra,,,,,,Manchester,New Hampshire,,,,,,,Rostov on Don,,,,,,Neuseeland Südinsel
Cleveland,,,Chifeng,,,,,,Pueblo,Colorado,,,,,,,Ufa,,,,,,Java
Hyderabad,,,Nanyang,,,,,,Gresham,Oregon,,,,,,,Allahabad,,,,,,Neuseeland Nordinsel
Mekka,,,Xiangtan,,,,,,North Charleston,South Carolina,,,,,,,Nezahualcoyotl,,,,,,Neufundland
Yangzhou,,,Krasnojarsk,,,,,,Ventura[30],California,,,,,,,Birmingham,,,,,,Luzon
Turin,,,Puning,,,,,,Inglewood,California,,,,,,,Shubra El Kheima,,,,,,Kuba
Vijayawada,,,Sulaimaniyya,,,,,,Pompano Beach,Florida,,,,,,,TUNIS,,,,,,Island
Wien,,,Salem,,,,,,Centennial,Colorado,,,,,,,Yerevan,,,,,,Mindanao
Peschawar,,,Baoji,,,,,,West Palm Beach,Florida,,,,,,,Ranchi,,,,,,Irland
Valencia,,,,,,,,,Everett,Washington,,,,,,,Haora,,,,,,Hokkaidō
Phnom Penh,,,,,,,,,Richmond,California,,,,,,,Sendai,,,,,,Hispaniola
Orlando,,,,,,,,,Clovis,California,,,,,,,Tegucigalpa,,,,,,Sachalin
San José,,,,,,,,,Billings,Montana,,,,,,,FREETOWN,,,,,,Banksland
Quito,,,,,,,,,Waterbury,Connecticut,,,,,,,Perm,,,,,,Sri Lanka
Warschau,,,,,,,,,Broken Arrow,Oklahoma,,,,,,,Volgograd,,,,,,Tasmanien
Pittsburgh,,,,,,,,,Lakeland,Florida,,,,,,,Odessa,,,,,,Devon Island
Ludhiana,,,,,,,,,West Covina,California,,,,,,,Mexicali,,,,,,Alexander-I.-Insel
Budapest,,,,,,,,,Boulder,Colorado,,,,,,,Seongnam,,,,,,Nowaja Semlja Nordinsel
Montevideo,,,,,,,,,Daly City,California,,,,,,,PORT-AU-PRINCE,,,,,,Feuerland
Linyi,,,,,,,,,Santa Maria,California,,,,,,,Peshawar,,,,,,Axel Heiberg Island
Mosul,,,,,,,,,Hillsboro,Oregon,,,,,,,Dnipropetrovsk,,,,,,Melville Island
Cincinnati,,,,,,,,,Sandy Springs,Georgia,,,,,,,Napoli,,,,,,Southampton Island
Austin,,,,,,,,,Norwalk,California,,,,,,,SANTO DOMINGO,,,,,,Marajó
Panama-Stadt,,,,,,,,,Jurupa Valley,California,,,,,,,Kitakyushu,,,,,,Spitzbergen
Schiraz,,,,,,,,,Lewisville,Texas,,,,,,,Johannesburg,,,,,,Kyūshū
Taizhou (Zhejiang),,,,,,,,,Greeley,Colorado,,,,,,,Handan,,,,,,Taiwan
Indianapolis,,,,,,,,,Davie[32],Florida,,,,,,,STOCKHOLM,,,,,,Neubritannien
Homs,,,,,,,,,Green Bay,Wisconsin,,,,,,,Donetsk,,,,,,Prince of Wales Island
Vitória,,,,,,,,,Tyler,Texas,,,,,,,LA PAZ,,,,,,Nowaja Semlja Südinsel
Handan,,,,,,,,,League City,Texas,,,,,,,Medina,,,,,,Hainan
Semarang,,,,,,,,,Burbank,California,,,,,,,Mosul,,,,,,Vancouver Island
Davao City,,,,,,,,,San Mateo,California,,,,,,,Khulna,,,,,,Timor
Daqing,,,,,,,,,Wichita Falls,Texas,,,,,,,Benghazi,,,,,,Sizilien
Liuzhou,,,,,,,,,El Cajon,California,,,,,,,Durban,,,,,,Somerset Island
Charlotte,,,,,,,,,Rialto,California,,,,,,,RABAT,,,,,,Sardinien
Lyon,,,,,,,,,Lakewood [33],New Jersey,,,,,,,Capetown,,,,,,Kotelny-Insel (inkl. Bungeland und Faddejewski-Insel)
Marseille,,,,,,,,,Edison [33],New Jersey,,,,,,,BEIRUT,,,,,,Ilha do Bananal
Kansas City,,,,,,,,,Davenport,Iowa,,,,,,,,,,,,,Shikoku
Rajkot,,,,,,,,,South Bend,Indiana,,,,,,,,,,,,,Halmahera
Yinchuan,,,,,,,,,Woodbridge[33],New Jersey,,,,,,,,,,,,,Seram
Madurai,,,,,,,,,Las Cruces,New Mexico,,,,,,,,,,,,,Neukaledonien
Jiangmen,,,,,,,,,Vista,California,,,,,,,,,,,,,Bathurst Island
Täbris,,,,,,,,,Renton,Washington,,,,,,,,,,,,,Prince Patrick Island
Daejeon,,,,,,,,,Sparks,Nevada,,,,,,,,,,,,,Thurston-Insel
Anshan,,,,,,,,,Clinton[34],Michigan,,,,,,,,,,,,,Sumbawa
Merath,,,,,,,,,Allen,Texas,,,,,,,,,,,,,Spitzbergen Nordostland
Zhuhai,,,,,,,,,Tuscaloosa,Alabama,,,,,,,,,,,,,Flores
Varanasi,,,,,,,,,San Angelo,Texas,,,,,,,,,,,,,Oktoberrevolutions-Insel
Gwangju,,,,,,,,,Vacaville,,,,,,,,,,,,,,King William Land
Xianyang,,,,,,,,,,,,,,,,,,,,,,,Negros
Datong,,,,,,,,,,,,,,,,,,,,,,,Samar
Gaziantep,,,,,,,,,,,,,,,,,,,,,,,Tupinambarana (in vier Teile zerfallen)
Kaohsiung,,,,,,,,,,,,,,,,,,,,,,,Palawan
Almaty,,,,,,,,,,,,,,,,,,,,,,,Bangka
Jilin,,,,,,,,,,,,,,,,,,,,,,,"Yos Sudarso (Dolak, Kolepom)"
Córdoba,,,,,,,,,,,,,,,,,,,,,,,Panay
Columbus (Ohio),,,,,,,,,,,,,,,,,,,,,,,Bolschewik-Insel
Harare,,,,,,,,,,,,,,,,,,,,,,,Ellef Ringnes Island
Nowosibirsk,,,,,,,,,,,,,,,,,,,,,,,Bylot Island
Benin-Stadt,,,,,,,,,,,,,,,,,,,,,,,Jamaika
Makassar,,,,,,,,,,,,,,,,,,,,,,,Sumba
Stockholm,,,,,,,,,,,,,,,,,,,,,,,Hawaiʻi
Virginia Beach,,,,,,,,,,,,,,,,,,,,,,,Viti Levu
Palembang,,,,,,,,,,,,,,,,,,,,,,,Kap-Breton-Insel
Qiqihar,,,,,,,,,,,,,,,,,,,,,,,Mindoro
Jamshedpur,,,,,,,,,,,,,,,,,,,,,,,Prince Charles Island
Charkiw,,,,,,,,,,,,,,,,,,,,,,,Zypern
München,,,,,,,,,,,,,,,,,,,,,,,Komsomolez-Insel
Putian,,,,,,,,,,,,,,,,,,,,,,,Kodiak
São Luís,,,,,,,,,,,,,,,,,,,,,,,Puerto Rico
Yancheng,,,,,,,,,,,,,,,,,,,,,,,Bougainville
Srinagar,,,,,,,,,,,,,,,,,,,,,,,Korsika
Wuhu,,,,,,,,,,,,,,,,,,,,,,,Diskoinsel (Qeqertarsuaq)
Kollam,,,,,,,,,,,,,,,,,,,,,,,Carney-Insel
Milwaukee,,,,,,,,,,,,,,,,,,,,,,,Buru
Quanzhou,,,,,,,,,,,,,,,,,,,,,,,Chiloé
Batam,,,,,,,,,,,,,,,,,,,,,,,Kreta
Ciudad Juárez,,,,,,,,,,,,,,,,,,,,,,,Anticosti
Jining,,,,,,,,,,,,,,,,,,,,,,,Wrangelinsel
Rosario,,,,,,,,,,,,,,,,,,,,,,,Leyte
Jekaterinburg (Swerdlowsk),,,,,,,,,,,,,,,,,,,,,,,Neuirland
Ulaanbaatar,,,,,,,,,,,,,,,,,,,,,,,Seeland
Raipur,,,,,,,,,,,,,,,,,,,,,,,Cornwallis Island
Islamabad,,,,,,,,,,,,,,,,,,,,,,,Kerguelen
Auckland,,,,,,,,,,,,,,,,,,,,,,,Prince of Wales Island
Aurangabad,,,,,,,,,,,,,,,,,,,,,,,Ostfalkland
Calgary,,,,,,,,,,,,,,,,,,,,,,,Siple-Insel
Jabalpur,,,,,,,,,,,,,,,,,,,,,,,Graham Island
Chaozhou,,,,,,,,,,,,,,,,,,,,,,,Neusibirien
Torreón,,,,,,,,,,,,,,,,,,,,,,,Melville Island
Huainan,,,,,,,,,,,,,,,,,,,,,,,Prince Edward Island
Ottawa-Gatineau,,,,,,,,,,,,,,,,,,,,,,,Vanua Levu
Xining,,,,,,,,,,,,,,,,,,,,,,,Bali
Prag,,,,,,,,,,,,,,,,,,,,,,,Isla Wellington
Asansol,,,,,,,,,,,,,,,,,,,,,,,Coats Island
Cixi,,,,,,,,,,,,,,,,,,,,,,,Guadalcanal
Hengyang,,,,,,,,,,,,,,,,,,,,,,,Chichagof Island
Porto,,,,,,,,,,,,,,,,,,,,,,,Amund Ringnes Island
Fushun,,,,,,,,,,,,,,,,,,,,,,,Mackenzie King Island
Allahabad,,,,,,,,,,,,,,,,,,,,,,,Edgeinsel
Jodhpur,,,,,,,,,,,,,,,,,,,,,,,Isla Riesco
Medina,,,,,,,,,,,,,,,,,,,,,,,Ilha Grande do Gurupá
Schardscha,,,,,,,,,,,,,,,,,,,,,,,Belitung
Edmonton,,,,,,,,,,,,,,,,,,,,,,,Trinidad
Huambo,,,,,,,,,,,,,,,,,,,,,,,Nias
Kopenhagen,,,,,,,,,,,,,,,,,,,,,,,Lombok
Querétaro,,,,,,,,,,,,,,,,,,,,,,,Vendsyssel-Thy
Maceió,,,,,,,,,,,,,,,,,,,,,,,Sankt-Lorenz-Insel
Amritsar,,,,,,,,,,,,,,,,,,,,,,,Große Ljachow-Insel
Monrovia,,,,,,,,,,,,,,,,,,,,,,,Isabela
Yichang,,,,,,,,,,,,,,,,,,,,,,,Westfalkland
Ranchi,,,,,,,,,,,,,,,,,,,,,,,Cebu
N’Djamena,,,,,,,,,,,,,,,,,,,,,,,Adelaide-Insel
Kigali,,,,,,,,,,,,,,,,,,,,,,,Stefansson Island
Adelaide,,,,,,,,,,,,,,,,,,,,,,,Känguru-Insel
Dhanbad,,,,,,,,,,,,,,,,,,,,,,,Malaita
Zürich,,,,,,,,,,,,,,,,,,,,,,,Admiralty Island
Cochabamba,,,,,,,,,,,,,,,,,,,,,,,Madura
Hama,,,,,,,,,,,,,,,,,,,,,,,Nunivak Island
Tiruppur,,,,,,,,,,,,,,,,,,,,,,,Buton (Butung)
Sofia,,,,,,,,,,,,,,,,,,,,,,,Baranof Island
Taichung,,,,,,,,,,,,,,,,,,,,,,,Hoste
Glasgow,,,,,,,,,,,,,,,,,,,,,,,Spaatz-Insel
Gwalior,,,,,,,,,,,,,,,,,,,,,,,Unimak
Tai’an,,,,,,,,,,,,,,,,,,,,,,,Siberut
Joinville,,,,,,,,,,,,,,,,,,,,,,,Espiritu Santo
Ahvaz,,,,,,,,,,,,,,,,,,,,,,,Milneland
Bucaramanga,,,,,,,,,,,,,,,,,,,,,,,Isla Santa Inés
Nischni Nowgorod (Gorki),,,,,,,,,,,,,,,,,,,,,,,Euböa
Ghom,,,,,,,,,,,,,,,,,,,,,,,Long Island
Providence,,,,,,,,,,,,,,,,,,,,,,,Wetar
Konya,,,,,,,,,,,,,,,,,,,,,,,Sokotra
Maputo,,,,,,,,,,,,,,,,,,,,,,,Mallorca
Taizhou (Jiangsu),,,,,,,,,,,,,,,,,,,,,,,Südgeorgien
Kathmandu,,,,,,,,,,,,,,,,,,,,,,,Kolgujew
Belgrad,,,,,,,,,,,,,,,,,,,,,,,Traill
Florianópolis,,,,,,,,,,,,,,,,,,,,,,,North Andros Island
Helsinki,,,,,,,,,,,,,,,,,,,,,,,Waigatsch
Port Elizabeth,,,,,,,,,,,,,,,,,,,,,,,Latady-Insel
Cần Thơ,,,,,,,,,,,,,,,,,,,,,,,Masbate
Fès,,,,,,,,,,,,,,,,,,,,,,,Bohol
Jacksonville,,,,,,,,,,,,,,,,,,,,,,,Iturup
San José,,,,,,,,,,,,,,,,,,,,,,,Mansel Island
Dublin,,,,,,,,,,,,,,,,,,,,,,,Waigeo
Kananga,,,,,,,,,,,,,,,,,,,,,,,Makira (San Cristobal)
Mandalay,,,,,,,,,,,,,,,,,,,,,,,Akimiski Island
Natal,,,,,,,,,,,,,,,,,,,,,,,Santa Isabel
Maracay,,,,,,,,,,,,,,,,,,,,,,,Gotland
Erbil,,,,,,,,,,,,,,,,,,,,,,,Fünen
Samara (Kujbyschew),,,,,,,,,,,,,,,,,,,,,,,Yamdena
Kota,,,,,,,,,,,,,,,,,,,,,,,Choiseul
Kasan,,,,,,,,,,,,,,,,,,,,,,,Taliabu
Omsk,,,,,,,,,,,,,,,,,,,,,,,Muna
Tscheljabinsk,,,,,,,,,,,,,,,,,,,,,,,Prinz-Georg-Land (Semlja Georga)
Vereeniging,,,,,,,,,,,,,,,,,,,,,,,Kupreanof Island
Amman,,,,,,,,,,,,,,,,,,,,,,,Borden Island
Zhanjiang (Guandong),,,,,,,,,,,,,,,,,,,,,,,Manitoulin
Tiflis,,,,,,,,,,,,,,,,,,,,,,,Revillagigedo Island
San Luis Potosí,,,,,,,,,,,,,,,,,,,,,,,Unalaska
Abu Dhabi,,,,,,,,,,,,,,,,,,,,,,,Saaremaa (Ösel)
Anyang,,,,,,,,,,,,,,,,,,,,,,,Moresby Island
Raleigh,,,,,,,,,,,,,,,,,,,,,,,Biak
Chandigarh,,,,,,,,,,,,,,,,,,,,,,,James-Ross-Insel
Marrakesch,,,,,,,,,,,,,,,,,,,,,,,Obi (Obira)
Bhilai,,,,,,,,,,,,,,,,,,,,,,,Bathurst Island
Tripolis,,,,,,,,,,,,,,,,,,,,,,,Réunion
Tegucigalpa,,,,,,,,,,,,,,,,,,,,,,,Paramuschir
Pekanbaru,,,,,,,,,,,,,,,,,,,,,,,Isla Navarino
Bareilly,,,,,,,,,,,,,,,,,,,,,,,Ross-Insel
Onitsha,,,,,,,,,,,,,,,,,,,,,,,Ymers
Qinhuangdao,,,,,,,,,,,,,,,,,,,,,,,Anvers-Insel
Quetta,,,,,,,,,,,,,,,,,,,,,,,Isla de la Juventud (Isla de Pinos)
Denpasar,,,,,,,,,,,,,,,,,,,,,,,Karaginski-Insel
Memphis,,,,,,,,,,,,,,,,,,,,,,,Cornwall Island
Tiruchirappalli,,,,,,,,,,,,,,,,,,,,,,,Peleng
Baoding,,,,,,,,,,,,,,,,,,,,,,,Groote Eylandt
Nashville-Davidson,,,,,,,,,,,,,,,,,,,,,,,Yapen
Mombasa,,,,,,,,,,,,,,,,,,,,,,,Princess Royal Island
Lianyungang,,,,,,,,,,,,,,,,,,,,,,,Hinnøya
Suwon,,,,,,,,,,,,,,,,,,,,,,,Wilczek-Land
San Salvador,,,,,,,,,,,,,,,,,,,,,,,Charcot-Insel
Haifa,,,,,,,,,,,,,,,,,,,,,,,Nelson Island
Rostow am Don,,,,,,,,,,,,,,,,,,,,,,,Lewis (Lewis & Harris)
Salt Lake City,,,,,,,,,,,,,,,,,,,,,,,Richards Island
João Pessoa,,,,,,,,,,,,,,,,,,,,,,,Trangan
Cartagena,,,,,,,,,,,,,,,,,,,,,,,Alor
Amsterdam,,,,,,,,,,,,,,,,,,,,,,,Isla Margarita
Niamey,,,,,,,,,,,,,,,,,,,,,,,Laut
Zhuzhou,,,,,,,,,,,,,,,,,,,,,,,Malakula
Mysore,,,,,,,,,,,,,,,,,,,,,,,New Georgia
Yiwu,,,,,,,,,,,,,,,,,,,,,,,Teneriffa
Bogor,,,,,,,,,,,,,,,,,,,,,,,Misool
Hải Phòng,,,,,,,,,,,,,,,,,,,,,,,Isla Magdalena
Antalya,,,,,,,,,,,,,,,,,,,,,,,René-Levasseur-Insel
Benxi,,,,,,,,,,,,,,,,,,,,,,,Manus
Ufa,,,,,,,,,,,,,,,,,,,,,,,Bioko (Fernando Póo)
Mérida,,,,,,,,,,,,,,,,,,,,,,,Ajon-Insel
Mianyang,,,,,,,,,,,,,,,,,,,,,,,Kuiu Island
Dammam,,,,,,,,,,,,,,,,,,,,,,,Ilha Caviana de Fora
Rizhao,,,,,,,,,,,,,,,,,,,,,,,Bacan (Batjan)
Zhenjiang (Jiangsu),,,,,,,,,,,,,,,,,,,,,,,Große Schüttinsel (Flussinselgruppe)
Suqian,,,,,,,,,,,,,,,,,,,,,,,Maui
Nanchong,,,,,,,,,,,,,,,,,,,,,,,Mauritius
Kaduna,,,,,,,,,,,,,,,,,,,,,,,Jeju
Yongin,,,,,,,,,,,,,,,,,,,,,,,Simeulue
Jerewan,,,,,,,,,,,,,,,,,,,,,,,Fraser Island
Guwahati,,,,,,,,,,,,,,,,,,,,,,,Afognak
Guilin,,,,,,,,,,,,,,,,,,,,,,,Weiße Insel (Bely ostrow)
Kisangani,,,,,,,,,,,,,,,,,,,,,,,Ilha da Laguna
Goyang,,,,,,,,,,,,,,,,,,,,,,,Morotai
Barquisimeto,,,,,,,,,,,,,,,,,,,,,,,Umnak
Aligarh,,,,,,,,,,,,,,,,,,,,,,,Große Schantar-Insel
Köln,,,,,,,,,,,,,,,,,,,,,,,Große Begitschew-Insel
Jinzhou,,,,,,,,,,,,,,,,,,,,,,,Stewart Island
Mexicali,,,,,,,,,,,,,,,,,,,,,,,Kobroor
Louisville,,,,,,,,,,,,,,,,,,,,,,,Natuna Besar
Aguascalientes,,,,,,,,,,,,,,,,,,,,,,,Geographical Society Ø
Naypyidaw,,,,,,,,,,,,,,,,,,,,,,,Air Force Island
Richmond,,,,,,,,,,,,,,,,,,,,,,,Savaii
Zaozhuang,,,,,,,,,,,,,,,,,,,,,,,Smyley-Insel
Lille,,,,,,,,,,,,,,,,,,,,,,,Beringinsel
Yingkou,,,,,,,,,,,,,,,,,,,,,,,Fuerteventura
Moradabad,,,,,,,,,,,,,,,,,,,,,,,Unguja (Sansibar)
Wolgograd,,,,,,,,,,,,,,,,,,,,,,,Skye
Khulna,,,,,,,,,,,,,,,,,,,,,,,Soisalo
Hubli-Dharwad,,,,,,,,,,,,,,,,,,,,,,,Lesbos
Basra,,,,,,,,,,,,,,,,,,,,,,,Salawati
Chifeng,,,,,,,,,,,,,,,,,,,,,,,Joinville-Insel
Nanyang,,,,,,,,,,,,,,,,,,,,,,,Tanahbesar (Wokam)
Odessa,,,,,,,,,,,,,,,,,,,,,,,Rantau (Tebingtinggi)
Xiangtan,,,,,,,,,,,,,,,,,,,,,,,Senja
Mendoza,,,,,,,,,,,,,,,,,,,,,,,Flaherty Island
Krasnojarsk,,,,,,,,,,,,,,,,,,,,,,,Farwell-Insel
Freetown,,,,,,,,,,,,,,,,,,,,,,,Gran Canaria
Puning,,,,,,,,,,,,,,,,,,,,,,,Graham-Bell-Insel (Ostrow Greem Bell)
Sulaimaniyya,,,,,,,,,,,,,,,,,,,,,,,Oʻahu
Salem,,,,,,,,,,,,,,,,,,,,,,,Great Inagua Island
Baoji,,,,,,,,,,,,,,,,,,,,,,,Eglinton Island
,,,,,,,,,,,,,,,,,,,,,,,Middle Andaman Island
,,,,,,,,,,,,,,,,,,,,,,,Clavering Ø
,,,,,,,,,,,,,,,,,,,,,,,Pionier-Insel
,,,,,,,,,,,,,,,,,,,,,,,Kunaschir
,,,,,,,,,,,,,,,,,,,,,,,Catanduanes
,,,,,,,,,,,,,,,,,,,,,,,Qeschm
,,,,,,,,,,,,,,,,,,,,,,,Rupat
,,,,,,,,,,,,,,,,,,,,,,,Naresland
,,,,,,,,,,,,,,,,,,,,,,,South Andros Island
,,,,,,,,,,,,,,,,,,,,,,,Dakhin Shabazpur Island (Bhola Island)
,,,,,,,,,,,,,,,,,,,,,,,Kauaʻi
,,,,,,,,,,,,,,,,,,,,,,,Urup
,,,,,,,,,,,,,,,,,,,,,,,Ilha de São Luis
,,,,,,,,,,,,,,,,,,,,,,,Rhodos
,,,,,,,,,,,,,,,,,,,,,,,Graham Island
,,,,,,,,,,,,,,,,,,,,,,,Ilha dos Macacos
,,,,,,,,,,,,,,,,,,,,,,,North Andaman Island
,,,,,,,,,,,,,,,,,,,,,,,Pitt Island
,,,,,,,,,,,,,,,,,,,,,,,Grand Bahama Island
,,,,,,,,,,,,,,,,,,,,,,,Nottingham Island
,,,,,,,,,,,,,,,,,,,,,,,Isla Desolación
,,,,,,,,,,,,,,,,,,,,,,,Ramree
,,,,,,,,,,,,,,,,,,,,,,,South Andaman Island
,,,,,,,,,,,,,,,,,,,,,,,Öland
,,,,,,,,,,,,,,,,,,,,,,,Fergusson-Insel
,,,,,,,,,,,,,,,,,,,,,,,Flinders Island
,,,,,,,,,,,,,,,,,,,,,,,Kleine Ljachow-Insel
,,,,,,,,,,,,,,,,,,,,,,,Lougheed Island
,,,,,,,,,,,,,,,,,,,,,,,Isla Dawson
,,,,,,,,,,,,,,,,,,,,,,,Barentsøya
,,,,,,,,,,,,,,,,,,,,,,,Lembata (Lomblen)
,,,,,,,,,,,,,,,,,,,,,,,Shannon Ø
,,,,,,,,,,,,,,,,,,,,,,,Mill-Insel
,,,,,,,,,,,,,,,,,,,,,,,Morfil
,,,,,,,,,,,,,,,,,,,,,,,Lolland
,,,,,,,,,,,,,,,,,,,,,,,Basilan
,,,,,,,,,,,,,,,,,,,,,,,Mangole
,,,,,,,,,,,,,,,,,,,,,,,Okinawa
,,,,,,,,,,,,,,,,,,,,,,,Isla Tiburón
,,,,,,,,,,,,,,,,,,,,,,,Roti (Rote)
,,,,,,,,,,,,,,,,,,,,,,,Oleni
,,,,,,,,,,,,,,,,,,,,,,,Lifou
,,,,,,,,,,,,,,,,,,,,,,,Isla Campana
,,,,,,,,,,,,,,,,,,,,,,,Lavongai (Neuhannover)
,,,,,,,,,,,,,,,,,,,,,,,Bintan
,,,,,,,,,,,,,,,,,,,,,,,Isla Aracena
,,,,,,,,,,,,,,,,,,,,,,,Sherman-Insel
,,,,,,,,,,,,,,,,,,,,,,,King George Island
,,,,,,,,,,,,,,,,,,,,,,,Byam Martin Island
,,,,,,,,,,,,,,,,,,,,,,,Grande Comore
,,,,,,,,,,,,,,,,,,,,,,,Great Abaco Island
,,,,,,,,,,,,,,,,,,,,,,,Wales Island
,,,,,,,,,,,,,,,,,,,,,,,Alexandraland
,,,,,,,,,,,,,,,,,,,,,,,Martinique
,,,,,,,,,,,,,,,,,,,,,,,Île Vanier
,,,,,,,,,,,,,,,,,,,,,,,Upolu
,,,,,,,,,,,,,,,,,,,,,,,Isla Clarence
,,,,,,,,,,,,,,,,,,,,,,,Padang
,,,,,,,,,,,,,,,,,,,,,,,King Island
,,,,,,,,,,,,,,,,,,,,,,,Rowley Island
,,,,,,,,,,,,,,,,,,,,,,,Isla Margarita
,,,,,,,,,,,,,,,,,,,,,,,Isla Serrano (Isla Little Wellington)
,,,,,,,,,,,,,,,,,,,,,,,Cameron Island
,,,,,,,,,,,,,,,,,,,,,,,Hall-Insel (Ostrow Gallja)
,,,,,,,,,,,,,,,,,,,,,,,Atka
,,,,,,,,,,,,,,,,,,,,,,,Groß Nikobar (Great Nicobar Island)
,,,,,,,,,,,,,,,,,,,,,,,Tahiti
,,,,,,,,,,,,,,,,,,,,,,,Isla Madre de Dios
,,,,,,,,,,,,,,,,,,,,,,,Chongming Dao
,,,,,,,,,,,,,,,,,,,,,,,Normanby
,,,,,,,,,,,,,,,,,,,,,,,Resolution Island
,,,,,,,,,,,,,,,,,,,,,,,Banks Island
,,,,,,,,,,,,,,,,,,,,,,,Mornington Island